"Date Time","Open","High","Low","Close","Change","Volume","Open Interest","MACD","MACD-Signal","MACD-Histogram"
2007-01-01,643,647.3,603,606.9,0,101597,350064,,,
2007-01-08,609.3,628.8,605,626.9,20,76156,346650,,,
2007-01-15,626.9,637.4,620.6,636.4,9.5,80197,345872,,,
2007-01-22,635.8,654.8,632,650.7,14.300000000000068,123236,359283,,,
2007-01-29,651.9,667.2,646.6,651.5,0.7999999999999545,91345,354072,,,
2007-02-05,653.1,673.9,651.2,672.3,20.799999999999955,61935,367297,,,
2007-02-12,673.4,676.6,664.1,672.8,0.5,61480,388661,,,
2007-02-19,673.2,691.9,659,686.7,13.900000000000091,87996,404486,,,
2007-02-26,684.6,692.5,641.3,644.1,-42.60000000000002,116049,410831,,,
2007-03-05,645.6,659.8,634.5,652,7.899999999999977,99415,385801,,,
2007-03-12,650.9,656.5,637.6,653.9,1.8999999999999773,83146,377282,,,
2007-03-19,653.9,667.6,652.5,657.3,3.3999999999999773,80148,362388,,,
2007-03-26,657.5,676.5,657.1,669,11.700000000000045,106637,353294,,,
2007-04-02,671.1,681.1,661.7,679.4,10.399999999999977,74452,354059,,,
2007-04-09,676.9,690.5,675.5,689.9,10.5,63753,364657,,,
2007-04-16,690.6,698,682.5,695.8,5.899999999999977,70304,383407,,,
2007-04-23,696.2,697.7,673.8,681.8,-14,77295,398320,,,
2007-04-30,684.2,693.2,670,689.7,7.900000000000091,76347,399095,,,
2007-05-07,691,693.3,665.9,672.3,-17.40000000000009,95495,410368,,,
2007-05-14,673,676.4,654.1,662,-10.299999999999955,102775,406033,,,
2007-05-21,662.5,665.9,651.5,655.3,-6.7000000000000455,109229,415849,,,
2007-05-28,661.3,677.5,657.7,676.9,21.600000000000023,136774,384898,,,
2007-06-04,676.9,679.5,647.8,650.3,-26.600000000000023,94238,394465,,,
2007-06-11,653.3,659.5,647,658.7,8.400000000000091,64533,412514,,,
2007-06-18,658.7,665.8,650.5,657,-1.7000000000000455,65220,409540,,,
2007-06-25,657.4,657.7,641.1,650.9,-6.100000000000023,77397,393408,8.49230769230769,,
2007-07-02,651.6,661.3,646.7,654.8,3.8999999999999773,85466,378181,3.7250000000001364,,
2007-07-09,657.6,671,655.3,667.3,12.5,94706,382281,-0.20384615384602967,,
2007-07-16,667.3,687.6,663,684.7,17.40000000000009,91061,382360,-1.8198717948716876,,
2007-07-23,684.7,688.4,652.8,672.3,-12.400000000000091,169637,382067,-4.100641025640925,,
2007-07-30,673,687.1,670.6,684.4,12.100000000000023,75727,354473,-4.357692307692332,,
2007-08-06,686.8,688.1,668.8,681.6,-2.7999999999999545,82754,353163,-3.0820512820511112,,
2007-08-13,682.7,683.7,651.6,666.8,-14.800000000000068,98702,343238,-1.8929487179484568,,
2007-08-20,667,679,662.3,677.5,10.700000000000045,75429,330613,-1.4891025641023816,-0.5254273504272331,-0.9636752136751485
2007-08-27,677.5,683.9,670.2,681.9,4.399999999999977,54585,324979,-0.3096153846154266,-1.5034188034186906,1.193803418803264
2007-09-03,681.9,716.6,680.1,709.7,27.800000000000068,110340,350148,1.7211538461536975,-1.7260683760682949,3.4472222222219924
2007-09-10,709.5,726.5,708,717.8,8.099999999999909,89710,377705,4.330128205128403,-1.2222934472933578,5.552421652421761
2007-09-17,715.8,747.1,714.8,738.9,21.100000000000023,118085,402483,8.524999999999864,-0.07286324786318549,8.59786324786305
2007-09-24,738.6,752.8,729.2,750,11.100000000000023,108854,438413,13.34294871794873,1.865313390313443,11.477635327635287
2007-10-01,750.3,755.7,726.3,747.2,-2.7999999999999545,116544,443814,17.393589743589814,4.28212250712257,13.111467236467245
2007-10-08,747.5,759.3,732.2,753.8,6.599999999999909,93286,466456,20.694230769230785,6.9239316239316695,13.770299145299116
2007-10-15,754,776.9,752.7,768.4,14.600000000000023,124102,486358,25.910256410256466,10.013176638176661,15.897079772079804
2007-10-22,770.9,789.5,749,787.5,19.100000000000023,112014,498016,30.436538461538248,13.560470085470065,16.876068376068183
2007-10-29,788,811,780,808.5,21,124781,525567,36.442307692307736,17.644017094017084,18.798290598290652
2007-11-05,810.6,848,803.5,834.7,26.200000000000045,167833,557506,44.187820512820736,22.36253561253564,21.825284900285094
2007-11-12,831.5,833.6,783,787,-47.700000000000045,189840,544189,48.505128205128244,27.27086894586896,21.234259259259286
2007-11-19,788.3,826.1,773.4,824.7,37.700000000000045,160278,514727,53.889743589743716,32.311396011396056,21.57834757834766
2007-11-26,823.5,837.2,785,789.1,-35.60000000000002,227670,502344,56.19102564102559,37.07229344729348,19.118732193732107
2007-12-03,789.4,813,783,800.2,11.100000000000023,101399,481086,57.29230769230776,41.505484330484364,15.786823361823394
2007-12-10,801,822.8,792.3,798,-2.2000000000000455,100463,488990,56.85961538461561,45.52386039886046,11.335754985755152
2007-12-17,798.8,816.7,789.6,815.4,17.399999999999977,75421,498707,56.2173076923076,48.89131054131058,7.3259971509970185
2007-12-24,815.5,844.6,811.6,842.7,27.300000000000068,58272,530598,56.79871794871792,51.82044159544166,4.978276353276264
2007-12-31,843.2,872.9,833,865.7,23,138080,555203,58.012179487179424,54.21709401709407,3.795085470085354
2008-01-07,862.8,900.1,857.8,897.7,32,162485,569695,59.92564102564097,55.965740740740756,3.9599002849002147
2008-01-14,899.4,916.1,870.6,881.7,-16,170679,579783,60.198717948717785,57.265028490028484,2.933689458689301
2008-01-21,882,924.3,849.5,910.7,29,247549,548877,59.54615384615374,57.89351851851849,1.6526353276352523
2008-01-28,912.5,942.2,908,913.5,2.7999999999999545,207573,512916,57.30128205128187,58.016880341880295,-0.7155982905984217
2008-02-04,910.5,927.3,888.4,922.3,8.799999999999955,135887,485069,59.31858974358943,58.24202279202271,1.0765669515667184
2008-02-11,924.1,931,899.5,906.1,-16.199999999999932,107167,477234,56.898076923076815,58.24629629629617,-1.348219373219358
2008-02-18,905.1,958.4,903.2,947.8,41.69999999999993,137180,490525,59.72692307692307,58.63625356125345,1.0906695156696244
2008-02-25,948,978.5,928.9,975,27.200000000000045,131772,493951,63.020512820512636,59.32756410256397,3.692948717948667
2008-03-03,975.6,995.2,958.3,974.2,-0.7999999999999545,165270,487536,67.53076923076924,60.385185185185065,7.145584045584172
2008-03-10,975.3,1009,961.9,999.5,25.299999999999955,161882,493462,72.03782051282053,61.73098290598279,10.306837606837739
2008-03-17,1004.5,1033.9,904.7,920,-79.5,272101,481156,71.51410256410259,62.98824786324777,8.525854700854815
2008-03-24,918.3,960.3,906.2,936.5,16.5,210003,438187,70.24102564102577,64.17656695156688,6.064458689458888
2008-03-31,936.4,945.7,876.3,913.2,-23.299999999999955,135866,403424,65.1480769230767,65.04843304843297,0.09964387464373203
2008-04-07,919.3,943.4,906.6,927,13.799999999999955,115014,411064,62.26153846153818,65.37542735042729,-3.1138888888891074
2008-04-14,924.2,956.2,907.3,915.2,-11.799999999999955,116116,428472,56.99038461538464,65.3856837606837,-8.395299145299063
2008-04-21,920.1,931.9,880,889.7,-25.5,135718,424406,51.07628205128219,64.42450142450139,-13.348219373219194
2008-04-28,890,898.1,846.4,858,-31.700000000000045,129302,427342,43.81410256410254,62.29045584045582,-18.47635327635328
2008-05-05,859.2,890.8,858.7,885.8,27.799999999999955,120255,435174,40.15705128205127,59.248931623931604,-19.091880341880334
2008-05-12,884.3,905.6,860,899.9,14.100000000000023,144535,443898,31.82307692307677,54.78062678062674,-22.95754985754997
2008-05-19,903.2,935.4,900.6,925.8,25.899999999999977,162377,444383,23.834615384615063,49.482905982905905,-25.648290598290842
2008-05-26,924.8,930.6,873,891.5,-34.299999999999955,227165,419758,13.004487179487,43.12329059829048,-30.11880341880348
2008-06-02,891.3,905.6,867.7,899,7.5,123687,401181,0.829487179487046,35.976780626780524,-35.14729344729348
2008-06-09,906.1,912.5,859.6,873.1,-25.899999999999977,131435,395167,-5.967307692307827,28.39579772079763,-34.36310541310546
2008-06-16,872.6,911,868.7,903.7,30.600000000000023,115001,400076,-12.096794871794827,20.71944444444436,-32.81623931623919
2008-06-23,903.7,933,875.2,931.3,27.59999999999991,130657,405901,-13.996153846153902,13.489173789173682,-27.485327635327586
2008-06-30,930.9,950,920.2,933.6,2.300000000000068,139591,436782,-16.057692307692378,6.836752136752024,-22.894444444444403
2008-07-07,934.9,969.1,913,960.6,27,158133,450196,-14.693589743589541,0.7422364672363782,-15.435826210825919
2008-07-14,966.8,989.6,950.2,958,-2.6000000000000227,212701,486430,-11.936538461538248,-4.119943019943069,-7.8165954415951795
2008-07-21,957.3,977,915.9,926.8,-31.200000000000045,211955,470602,-6.822435897435753,-7.526282051282048,0.7038461538462952
2008-07-28,929,943.2,903,917.5,-9.299999999999955,212807,435711,-4.3346153846151765,-9.452849002848957,5.118233618233781
2008-08-04,919,924.1,857.5,864.8,-52.700000000000045,149371,397928,-5.048076923076678,-10.105911680911593,5.0578347578349145
2008-08-11,863.4,872.7,777.7,792.1,-72.69999999999993,190715,369726,-11.805128205127858,-10.754558404558262,-1.0505698005695958
2008-08-18,795.5,845,787.5,833.5,41.39999999999998,128434,373734,-12.242307692307236,-10.770726495726308,-1.471581196580928
2008-08-25,831.1,849.7,812,835.2,1.7000000000000455,115434,382405,-12.182051282050907,-10.569159544159309,-1.612891737891598
2008-09-01,842.2,842.8,793.7,802.8,-32.40000000000009,168984,382254,-11.448076923076542,-10.056980056979771,-1.3910968660967704
2008-09-08,815.6,823,739.8,764.5,-38.299999999999955,195009,385473,-14.009615384615358,-9.98098290598264,-4.028632478632719
2008-09-15,773.2,926,767.4,864.7,100.20000000000005,245120,391098,-17.432692307692264,-10.59166666666642,-6.841025641025844
2008-09-22,874.6,920.1,866.2,888.5,23.799999999999955,178405,367261,-19.34487179487178,-11.9830484330482,-7.361823361823578
2008-09-29,878,932,822.5,833.2,-55.299999999999955,153834,338438,-26.88461538461513,-14.48860398860375,-12.396011396011382
2008-10-06,836,936.3,828.4,859,25.799999999999955,158803,328202,-32.51923076923083,-17.54095441595421,-14.97827635327662
2008-10-13,855.8,875,772.2,787.7,-71.29999999999995,113526,323882,-39.20705128205111,-20.585612535612352,-18.62143874643876
2008-10-20,784.6,811.8,681,730.3,-57.40000000000009,131082,318758,-48.676282051282215,-24.633831908831795,-24.04245014245042
2008-10-27,735.1,778.3,707,718.2,-12.099999999999909,119920,308693,-55.516025641025635,-29.448717948717874,-26.06730769230776
2008-11-03,727,770,721.8,734.2,16,112962,302555,-54.510256410256375,-34.23340455840452,-20.276851851851852
2008-11-10,739.8,768.9,698.2,742.5,8.299999999999955,148321,292777,-56.03974358974381,-38.903418803418795,-17.136324786325012
2008-11-17,740,802.8,729.6,791.8,49.299999999999955,149226,287886,-54.502564102564406,-43.02229344729348,-11.480270655270928
2008-11-24,802,833.5,786.2,819,27.200000000000045,158641,276829,-50.36410256410272,-46.46887464387469,-3.895227920228031
2008-12-01,819,820,741.2,752.2,-66.79999999999995,99415,264232,-45.74294871794882,-48.5642450142451,2.821296296296282
2008-12-08,755.2,835.3,754.1,820.5,68.29999999999995,98478,267358,-47.403205128205286,-50.21801994302004,2.8148148148147527
2008-12-15,825,883.6,821,837.4,16.899999999999977,113634,288294,-49.11153846153877,-51.31851851851867,2.2069800569799014
2008-12-22,839.4,874,829.8,871.2,33.80000000000007,40758,291028,-43.63333333333367,-50.758190883191055,7.1248575498573885
2008-12-29,873,892,857.3,879.5,8.299999999999955,63085,303226,-39.84423076923099,-49.01688034188054,9.172649572649547
2009-01-05,880.7,885.5,836,855,-24.5,122277,324541,-30.17435897435928,-46.312891737891974,16.138532763532695
2009-01-12,856.1,857.5,801.5,839.9,-15.100000000000023,141454,316358,-16.49871794871808,-41.91944444444467,25.42072649572659
2009-01-19,844.1,903.8,823.6,895.8,55.89999999999998,184259,343386,-0.5064102564105042,-35.919871794872016,35.41346153846151
2009-01-26,898.9,931.3,875.7,928.4,32.60000000000002,193061,350434,15.257692307692196,-28.628561253561468,43.88625356125367
2009-02-02,927,929,890.3,914.3,-14.100000000000023,99247,348242,27.670512820512613,-20.471509971510198,48.142022792022814
2009-02-09,913.4,954,891.9,942.2,27.90000000000009,125779,354960,34.43076923076899,-11.37884615384639,45.80961538461538
2009-02-16,940.8,1007.7,937.3,1002.2,60,145036,363010,43.20897435897439,-1.121011396011593,44.329985754985984
2009-02-23,994.3,999.6,927,942.5,-59.700000000000045,147743,372185,54.9403846153848,9.831623931623792,45.108760683761005
2009-03-02,940.3,959.5,900.4,942.7,0.20000000000004547,128043,368444,59.74294871794871,20.89686609686598,38.84608262108273
2009-03-09,941.2,942.8,891.1,930.1,-12.600000000000023,131711,374877,61.098717948718104,31.038319088319025,30.06039886039908
2009-03-16,928.3,967.8,882.7,956.2,26.100000000000023,162065,381373,64.66282051282053,40.056267806267755,24.606552706552776
2009-03-23,950.5,958.1,916,925.3,-30.90000000000009,196690,382447,67.06410256410277,47.56410256410257,19.5000000000002
2009-03-30,926,935.8,892.5,897.3,-28,132139,363092,68.12371794871785,53.43810541310542,14.685612535612435
2009-04-06,898,899.5,865,883.3,-14,88404,339048,70.8057692307691,58.230911680911696,12.574857549857406
2009-04-13,882.9,902.1,865.6,867.9,-15.399999999999977,69261,337555,65.39615384615377,61.671509971510005,3.7246438746437605
2009-04-20,870.2,915.4,865.6,914.1,46.200000000000045,82468,340653,57.135256410256375,63.21887464387467,-6.083618233618296
2009-04-27,915,919.7,880.1,888.2,-25.899999999999977,76340,336234,48.4217948717951,62.494586894586924,-14.072792022791823
2009-05-04,887.5,926.5,885.6,914.9,26.699999999999932,110773,343800,39.19679487179485,60.211680911680936,-21.014886039886086
2009-05-11,917,934.8,908.8,931.3,16.399999999999977,110618,360343,26.026923076923026,56.31481481481482,-30.28789173789179
2009-05-18,930.5,963.1,915.2,958.9,27.600000000000023,151297,380236,20.96666666666647,51.45968660968659,-30.493019943020123
2009-05-25,957.6,982,936.6,980.3,21.399999999999977,212303,393904,17.896153846153766,45.99658119658115,-28.10042735042738
2009-06-01,981,992.1,953.8,962.6,-17.699999999999932,123354,393846,12.512179487179424,39.81752136752132,-27.3053418803419
2009-06-08,950.9,966.7,936.2,940.7,-21.899999999999977,113513,388479,6.597435897435844,32.68326210826207,-26.085826210826227
2009-06-15,940.3,944,926.5,936.2,-4.5,87188,374614,3.705769230769306,25.828774928774905,-22.1230056980056
2009-06-22,935.1,949,913.2,941,4.7999999999999545,99598,376529,4.662820512820645,19.99850427350427,-15.335683760683626
2009-06-29,940.7,947,922.7,931,-10,97622,379353,6.657051282051384,15.357977207977191,-8.700925925925807
2009-07-06,932,934.3,904.8,912.5,-18.5,105062,371333,8.162179487179628,11.90968660968661,-3.747507122506981
2009-07-13,912.3,942.3,907.4,937.5,25,108943,376676,6.3583333333333485,9.724287749287758,-3.365954415954409
2009-07-20,938.5,957.5,937,953.1,15.600000000000023,129560,393148,9.562820512820622,8.457193732193774,1.1056267806268476
2009-07-27,951.4,960,927.6,955.8,2.699999999999932,181888,380237,11.917307692307872,7.7928774928775635,4.124430199430309
2009-08-03,954.5,974.3,953.1,959.5,3.7000000000000455,107195,392829,12.528846153846303,7.794729344729439,4.7341168091168635
2009-08-10,956.6,963.1,942.1,948.7,-10.799999999999955,76639,386766,11.428846153846166,8.331552706552808,3.0972934472933584
2009-08-17,949.2,959.9,931.3,954.7,6,80768,376367,11.122435897435935,9.155626780626879,1.9668091168090562
2009-08-24,954.8,964.6,935.7,958.8,4.099999999999909,82552,379630,10.178846153846166,9.768518518518603,0.41032763532756356
2009-08-31,957.4,999.5,944.3,996.7,37.90000000000009,129946,408327,12.768589743589814,10.447578347578428,2.321011396011386
2009-09-07,994.9,1013.7,983.2,1006.4,9.699999999999932,152018,460362,15.68397435897441,11.283333333333404,4.400641025641006
2009-09-14,1007.7,1025.8,993,1010.3,3.8999999999999773,114407,470284,19.378205128204968,12.729985754985806,6.6482193732191615
2009-09-21,1006.8,1021.5,985.5,991.6,-18.699999999999932,128601,466001,21.878205128204968,14.098361823361845,7.779843304843123
2009-09-28,993.1,1011.1,986.1,1004.3,12.699999999999932,127863,450495,25.41282051282019,15.597863247863213,9.814957264956977
2009-10-05,1004,1062.7,1001.6,1048.6,44.299999999999955,160030,484210,28.313461538461638,17.35170940170936,10.961752136752278
2009-10-12,1050,1072,1043.7,1051.5,2.900000000000091,130630,507919,29.451923076923094,19.354273504273465,10.09764957264963
2009-10-19,1053.5,1069,1048.1,1056.4,4.900000000000091,133598,507448,32.36217948717956,21.71424501424498,10.64793447293458
2009-10-26,1055.5,1060.8,1026.9,1040.4,-16,157360,494700,33.249999999999886,24.277706552706505,8.972293447293382
2009-11-02,1043.4,1101.9,1042.2,1095.7,55.299999999999955,179989,508408,38.54615384615374,27.141880341880274,11.404273504273469
2009-11-09,1098,1123.4,1096,1116.7,21,179055,520231,44.915384615384596,30.389814814814738,14.525569800569858
2009-11-16,1119.6,1153.4,1119.5,1146.8,30.09999999999991,220098,529999,53.35512820512815,34.165028490028426,19.190099715099727
2009-11-23,1152,1196.8,1135.8,1175.5,28.700000000000045,367221,532895,60.74743589743571,38.48383190883184,22.26360398860387
2009-11-30,1182,1227.5,1147.4,1169.5,-6,247749,525522,66.38141025641016,43.0358974358974,23.345512820512766
2009-12-07,1160.3,1170.2,1110.2,1119.9,-49.59999999999991,246020,502626,68.6224358974356,47.51467236467228,21.107763532763315
2009-12-14,1114.6,1142.9,1095.7,1111.5,-8.400000000000091,184171,500554,71.87179487179446,52.22799145299132,19.643803418803145
2009-12-21,1111.9,1120.8,1075.2,1104.8,-6.7000000000000455,132604,499889,73.94679487179474,56.84850427350412,17.098290598290617
2009-12-28,1108,1114.5,1086.6,1096.2,-8.599999999999909,90647,493375,71.55961538461543,61.10512820512807,10.454487179487359
2010-01-04,1099,1141,1093.8,1138.9,42.700000000000045,187033,512232,70.13525641025649,64.61502849002837,5.520227920228123
2010-01-11,1139,1163,1118.5,1130.5,-8.400000000000091,223270,523300,68.88717948717931,67.27856125356112,1.6086182336181878
2010-01-18,1130.7,1141.7,1081.9,1089.7,-40.799999999999955,276638,523148,67.74166666666656,68.87706552706538,-1.1353988603988228
2010-01-25,1093.5,1104,1074.4,1083.8,-5.900000000000091,283293,494295,61.82692307692264,68.99700854700838,-7.170085470085738
2010-02-01,1081.9,1126.4,1044.5,1052.8,-31,217578,479897,52.91346153846166,67.50056980056965,-14.58710826210799
2010-02-08,1068.3,1098.4,1061.8,1090,37.200000000000045,180015,462434,42.74551282051243,64.62535612535596,-21.879843304843533
2010-02-15,1093.7,1128.7,1092,1122.1,32.09999999999991,191769,468138,31.857051282051316,60.1792735042734,-28.32222222222208
2010-02-22,1122.1,1131.5,1088.5,1118.9,-3.199999999999818,172177,466171,21.482692307692332,54.349928774928685,-32.86723646723635
2010-03-01,1119,1145.8,1112.1,1135.2,16.299999999999955,178026,488202,17.43076923076933,48.335612535612455,-30.904843304843126
2010-03-08,1136,1138,1097.3,1101.7,-33.5,186729,496511,12.948717948718013,41.98155270655262,-29.032834757834607
2010-03-15,1101.7,1133.9,1101,1107.6,5.899999999999864,169480,494421,9.439743589743784,35.376282051282004,-25.93653846153822
2010-03-22,1108,1109.8,1084.8,1104.3,-3.2999999999999545,225640,491511,5.780128205128449,28.49166666666666,-22.71153846153821
2010-03-29,1111,1129.1,1102.4,1126.1,21.799999999999955,178144,473400,0.0288461538464162,21.625213675213747,-21.59636752136733
2010-04-05,1122,1165.8,1120.8,1161.9,35.80000000000018,133772,507229,-1.7121794871795828,15.555698005698055,-17.267877492877638
2010-04-12,1161.9,1170.7,1130,1136.9,-25,146614,527173,-1.0634615384617518,10.688034188034257,-11.751495726496008
2010-04-19,1137,1157.9,1124.3,1153.7,16.799999999999955,135846,522589,1.0192307692304894,7.26160968660972,-6.242378917379231
2010-04-26,1158.5,1182.5,1146.6,1180.7,27,144985,538101,6.281410256410254,5.572578347578378,0.7088319088318764
2010-05-03,1181,1214.9,1156.2,1210.4,29.700000000000045,220575,557679,11.903205128205173,4.958404558404583,6.94480056980059
2010-05-10,1207,1249.7,1184.4,1227.8,17.399999999999864,235240,586722,16.438461538461297,5.346153846153836,11.092307692307461
2010-05-17,1232,1242.8,1166,1176.1,-51.700000000000045,228302,583709,20.078205128205127,6.528205128205097,13.55000000000003
2010-05-24,1178.1,1220.6,1176.8,1215,38.90000000000009,280710,568317,25.208974358974274,8.686965811965743,16.522008547008532
2010-05-31,1216.7,1230.6,1198.1,1217.7,2.7000000000000455,122814,553095,33.02179487179478,12.352849002848895,20.668945868945887
2010-06-07,1221.1,1254.5,1212.1,1230.2,12.5,138276,564570,38.9961538461539,16.875997150997062,22.12015669515684
2010-06-14,1229.3,1263.7,1217.5,1258.3,28.09999999999991,131816,581033,46.18333333333317,22.12564102564094,24.057692307692225
2010-06-21,1261.2,1266.5,1225.2,1256.2,-2.099999999999909,144089,599937,51.20192307692287,27.70149572649565,23.500427350427216
2010-06-28,1255.8,1263.7,1196,1207.7,-48.5,177022,594690,50.73012820512827,32.64024216524209,18.089886039886174
2010-07-05,1212.2,1215.1,1185,1209.8,2.099999999999909,152853,571136,54.078205128205354,37.326353276353224,16.75185185185213
2010-07-12,1212.3,1218.8,1185.8,1188.2,-21.59999999999991,135493,569462,54.733974358974365,41.58141025641024,13.152564102564128
2010-07-19,1193.7,1203.9,1175.1,1187.8,-0.40000000000009095,188784,559195,51.55256410256379,45.0785612535612,6.474002849002595
2010-07-26,1188,1194.8,1156.9,1183.9,-3.8999999999998636,288372,540637,45.494230769230626,47.33247863247857,-1.8382478632479433
2010-08-02,1183.8,1213.3,1176.7,1205.3,21.399999999999864,107142,517416,37.7538461538461,47.858262108262046,-10.104415954415948
2010-08-09,1206.3,1219.8,1192.5,1216.6,11.299999999999955,109666,529394,36.259615384615245,47.5542022792022,-11.294586894586956
2010-08-16,1216.5,1239.5,1216.2,1228.8,12.200000000000045,87027,546538,33.3057692307691,46.12336182336175,-12.817592592592646
2010-08-23,1229.2,1246,1211.7,1237.9,9.100000000000136,101601,560772,30.4121794871794,43.81339031339025,-13.40121082621085
2010-08-30,1238.9,1256.6,1233.5,1251.1,13.199999999999818,95998,576336,27.69615384615372,41.25405982905974,-13.557905982906021
2010-09-06,1250.3,1264.7,1237.9,1246.5,-4.599999999999909,123497,582720,21.1435897435897,37.59465811965801,-16.451068376068307
2010-09-13,1247.3,1284.4,1242.3,1277.5,31,121287,591264,16.38397435897423,33.33354700854688,-16.94957264957265
2010-09-20,1277.7,1301.6,1272,1298.1,20.59999999999991,130121,600769,16.463461538461615,29.434757834757747,-12.971296296296131
2010-09-27,1299.2,1322,1276.2,1317.8,19.700000000000045,155996,615633,18.090384615384664,26.389886039885976,-8.299501424501312
2010-10-04,1319.7,1366,1313.3,1345.3,27.5,183326,621182,24.12820512820531,24.875925925925888,-0.7477207977205786
2010-10-11,1348.9,1388.1,1341.1,1372,26.700000000000045,183317,627248,30.43589743589746,24.228846153846135,6.207051282051324
2010-10-18,1371,1375.6,1315.6,1325.1,-46.90000000000009,200055,624190,35.610256410256625,24.484900284900302,11.125356125356323
2010-10-25,1329.3,1359.7,1318.6,1357.6,32.5,180796,606822,41.49807692307718,25.716666666666722,15.781410256410457
2010-11-01,1359.7,1398.7,1325.5,1397.7,40.100000000000136,226373,624724,49.385897435897505,28.126638176638252,21.259259259259252
2010-11-08,1397,1424.3,1359.3,1365.5,-32.200000000000045,290843,645215,55.48141025641053,31.94195156695168,23.539458689458847
2010-11-15,1371,1376.6,1329,1352.3,-13.200000000000045,252442,632483,58.23782051282092,36.59237891737909,21.64544159544183
2010-11-22,1357,1382.9,1347.9,1364.3,12,298933,613229,61.92884615384651,41.644088319088524,20.284757834757983
2010-11-29,1365,1417,1354.5,1406.2,41.90000000000009,206397,594326,67.9871794871799,47.188176638176884,20.799002849003017
2010-12-06,1415.1,1432.5,1372.1,1384.9,-21.299999999999955,185382,597187,70.98717948717967,52.39472934472959,18.592450142450083
2010-12-13,1385,1406,1361.6,1379.2,-5.7000000000000455,154237,589208,73.0955128205128,57.134686609686845,15.96082621082595
2010-12-20,1377,1393,1372.6,1380.5,1.2999999999999545,89142,582421,73.53974358974347,61.349074074074274,12.190669515669192
2010-12-27,1378.9,1422,1372.7,1421.4,40.90000000000009,75797,587403,71.66217948717963,64.70064102564122,6.96153846153841
2011-01-03,1420.4,1424.4,1352.7,1368.9,-52.5,206880,585512,65.28461538461556,66.46716524216544,-1.1825498575498727
2011-01-10,1369.8,1392.9,1354.6,1360.5,-8.400000000000091,204617,589241,61.607692307692105,67.1478632478634,-5.5401709401712935
2011-01-17,1361.2,1378.9,1337,1341,-19.5,217113,582044,54.33205128205145,66.71388888888902,-12.381837606837564
2011-01-24,1343,1352.4,1309.1,1341.7,0.7000000000000455,322157,492821,43.59615384615404,64.67692307692317,-21.080769230769135
2011-01-31,1338.8,1361,1323.6,1349,7.2999999999999545,166678,464628,36.69423076923067,61.19992877492882,-24.50569800569815
2011-02-07,1348.1,1369.7,1344.1,1360.4,11.400000000000091,124231,464434,31.838461538461388,56.85007122507123,-25.011609686609845
2011-02-14,1358.2,1392.6,1354.4,1388.6,28.199999999999818,118498,477443,27.71730769230726,51.8080484330484,-24.09074074074114
2011-02-21,1390.1,1418.8,1390.1,1409.3,20.700000000000045,188654,505677,21.383333333333212,46.0128917378917,-24.629558404558487
2011-02-28,1411.2,1441,1405.2,1428.6,19.299999999999955,177753,515396,18.19807692307677,40.07243589743583,-21.874358974359062
2011-03-07,1435,1445.7,1403,1421.8,-6.7999999999999545,187931,517261,15.005769230769147,34.485897435897336,-19.48012820512819
2011-03-14,1421.9,1433.5,1380.7,1416.1,-5.7000000000000455,171637,503829,12.641666666666424,29.045227920227816,-16.403561253561392
2011-03-21,1424.2,1448.6,1419.5,1426.2,10.100000000000136,201670,504736,8.114743589743284,23.909971509971356,-15.795227920228072
2011-03-28,1430,1441,1411.5,1428.9,2.7000000000000455,223673,492089,8.841666666666924,20.048361823361674,-11.20669515669475
2011-04-04,1430,1476.4,1429.1,1474.1,45.19999999999982,134553,507543,13.354487179487478,17.455056980056877,-4.100569800569399
2011-04-11,1476.3,1489.1,1445,1486,11.900000000000091,161654,522206,21.053205128205263,16.256695156695084,4.796509971510179
2011-04-18,1488,1509.6,1477.8,1503.8,17.799999999999955,162878,536538,27.688461538461297,16.253490028489978,11.43497150997132
2011-04-25,1510.7,1569.8,1492,1556.4,52.600000000000136,167591,532472,37.32564102564106,18.024857549857515,19.300783475783547
2011-05-02,1566.8,1577.4,1462.5,1491.6,-64.80000000000018,273379,520090,44.6474358974358,20.963675213675188,23.68376068376061
2011-05-09,1496.6,1526.8,1477.6,1493.6,2,203975,512320,48.470512820512795,24.681980056980038,23.788532763532757
2011-05-16,1494.6,1515.8,1471.1,1508.9,15.300000000000182,193110,512947,50.74743589743616,28.915954415954452,21.83148148148171
2011-05-23,1512.8,1539.5,1503.7,1537.3,28.399999999999864,295355,512088,53.15192307692314,33.920085470085546,19.231837606837594
2011-05-30,1538.1,1551.6,1520.4,1542.4,5.100000000000136,152994,505840,57.96346153846139,39.37806267806271,18.585398860398676
2011-06-06,1544.5,1555,1526.7,1529.2,-13.200000000000045,120022,503659,61.83846153846184,44.765170940170975,17.073290598290868
2011-06-13,1530.7,1543,1511.4,1539.1,9.899999999999864,134235,502503,65.09679487179505,49.65890313390317,15.437891737891881
2011-06-20,1541.3,1559.3,1498.5,1500.9,-38.19999999999982,159839,514081,66.46602564102568,53.967521367521435,12.498504273504246
2011-06-27,1500.9,1514.8,1478.3,1482.6,-18.300000000000182,135406,495495,64.82051282051293,57.0225071225072,7.798005698005731
2011-07-04,1486.8,1546,1486.2,1541.6,59,162512,496222,62.81153846153825,59.0407407407408,3.7707977207974466
2011-07-11,1545,1594.9,1541.1,1590.1,48.5,194264,524995,61.17243589743589,60.45206552706559,0.720370370370297
2011-07-18,1594.3,1610.7,1581.1,1601.5,11.400000000000091,207213,541041,54.91153846153884,60.914743589743665,-6.003205128204826
2011-07-25,1607.9,1637.5,1603.8,1631.2,29.700000000000045,293272,526516,55.41025641025681,61.165669515669634,-5.755413105412828
2011-08-01,1622.2,1684.9,1608.2,1651.8,20.59999999999991,242468,523599,56.94743589743575,61.05277777777789,-4.105341880342138
2011-08-08,1681.7,1817.6,1681.7,1742.6,90.79999999999995,337470,515988,61.7224358974363,61.03988603988617,0.6825498575501285
2011-08-15,1747.1,1881.4,1730.8,1852.2,109.60000000000014,210528,516401,70.13333333333367,61.59950142450157,8.533831908832099
2011-08-22,1862.9,1917.9,1705.4,1797.3,-54.90000000000009,376585,519901,76.45192307692332,62.709045584045754,13.742877492877568
2011-08-29,1840,1887.4,1778.1,1876.9,79.60000000000014,182651,506339,88.18461538461565,65.30505698005716,22.879558404558495
2011-09-05,1879.9,1923.7,1793.8,1859.5,-17.40000000000009,326816,518195,98.05000000000064,69.22044159544187,28.829558404558767
2011-09-12,1862.2,1865.2,1765.4,1814.7,-44.799999999999955,219065,508698,108.86923076923108,74.52008547008579,34.34914529914529
2011-09-19,1820,1832.9,1631.7,1639.8,-174.9000000000001,256046,494494,113.75384615384587,81.05811965811989,32.69572649572598
2011-09-26,1660,1679.2,1535,1622.3,-17.5,255137,457229,113.04038461538448,87.46146723646741,25.57891737891707
2011-10-03,1625.1,1681.5,1596.6,1635.8,13.5,157893,435495,110.62948717948711,93.4261396011398,17.20334757834732
2011-10-10,1640.5,1693.9,1639.9,1683,47.200000000000045,112015,437962,109.84423076923053,98.77300569800582,11.071225071224717
2011-10-17,1683.8,1696.8,1604.7,1636.1,-46.90000000000009,155735,437884,105.164102564102,102.66531339031341,2.4987891737885803
2011-10-24,1643,1754,1636.6,1747.2,111.10000000000014,153837,442170,105.77564102564065,105.92350427350422,-0.14786324786356886
2011-10-31,1743.1,1769.5,1681.2,1756.1,8.899999999999864,149167,447114,96.72756410256397,106.8727207977207,-10.145156695156729
2011-11-07,1755.2,1804.4,1736.6,1788.1,32,173706,463368,80.05897435897418,104.87371794871777,-24.814743589743586
2011-11-14,1789.4,1797.6,1711,1725.1,-63,179594,466648,65.72692307692319,100.080128205128,-34.35320512820482
2011-11-21,1725.1,1727.4,1667.1,1685.7,-39.399999999999864,233889,449643,44.085897435898005,92.33924501424491,-48.253347578346904
2011-11-28,1687.3,1767.1,1686.7,1751.3,65.59999999999991,206684,425413,27.034615384615563,82.78304843304835,-55.74843304843279
2011-12-05,1751,1760.5,1704.9,1716.8,-34.5,137447,422747,11.660897435897596,71.78653846153841,-60.12564102564082
2011-12-12,1716.8,1718.6,1562.5,1597.9,-118.89999999999986,204974,429554,5.907692307692514,60.238034188034185,-54.33034188034167
2011-12-19,1603.5,1643.7,1585.5,1606,8.099999999999909,104264,423215,0.5070512820516342,48.60947293447303,-48.1024216524214
2011-12-26,1609.2,1609.2,1523.9,1566.8,-39.200000000000045,105442,419775,-8.481410256410527,35.914245014245125,-44.39565527065565
2012-01-02,1571,1632.3,1566.8,1616.8,50,173133,420685,-16.890384615385074,23.290028490028565,-40.180413105413635
2012-01-09,1617.7,1662.9,1605.7,1630.8,14,189723,418034,-18.89743589743648,12.294871794871824,-31.192307692308304
2012-01-16,1635.8,1670.6,1631.9,1664,33.200000000000045,187640,437758,-28.234615384616063,1.8547008547007964,-30.089316239316858
2012-01-23,1665.2,1681.8,1663,1678.3,14.299999999999955,171384,436642,-36.52948717948766,-7.102564102564277,-29.426923076923384