"Date Time","Open","High","Low","Close","Change","MACD","MACD-Signal","MACD-Histogram"
2016-06-20,1293,1296.8,1280.8,1292.1,0,,,
2016-06-21,1292.5,1297.4,1267.1,1272.5,-19.59999999999991,,,
2016-06-22,1271.4,1273.5,1263.8,1270,-2.5,,,
2016-06-23,1268.1,1274.9,1256.9,1263.1,-6.900000000000091,,,
2016-06-24,1254.3,1362.6,1252.8,1322.4,59.30000000000018,,,
2016-06-27,1322.3,1340,1320.8,1324.7,2.2999999999999545,,,
2016-06-28,1328.3,1329.5,1308.2,1317.9,-6.7999999999999545,,,
2016-06-29,1313.9,1331,1313.3,1326.9,9,,,
2016-06-30,1321,1326.5,1315.3,1320.6,-6.300000000000182,,,
2016-07-01,1324.8,1347,1323.1,1339,18.40000000000009,,,
2016-07-05,1345,1360.3,1338.5,1358.7,19.700000000000045,,,
2016-07-06,1358,1377.5,1356.3,1367.1,8.399999999999864,,,
2016-07-07,1365.7,1372.9,1352,1362.1,-5,,,
2016-07-08,1361,1371.8,1336.3,1358.4,-3.699999999999818,,,
2016-07-11,1368.9,1376.5,1351.8,1356.6,-1.800000000000182,,,
2016-07-12,1356.3,1358.9,1331,1335.3,-21.299999999999955,,,
2016-07-13,1334,1346.3,1328.1,1343.6,8.299999999999955,,,
2016-07-14,1344.5,1348,1320.4,1332.2,-11.399999999999864,,,
2016-07-15,1336.4,1339.5,1322.6,1327.4,-4.7999999999999545,,,
2016-07-18,1333.4,1336,1323.5,1329.3,1.8999999999998636,,,
2016-07-19,1329.1,1335.5,1325.8,1332.3,3,,,
2016-07-20,1332.2,1338.8,1312.5,1319.3,-13,,,
2016-07-21,1316.2,1334,1310.7,1331,11.700000000000045,,,
2016-07-22,1331.4,1334,1319.4,1323.4,-7.599999999999909,,,
2016-07-25,1322.7,1323.4,1311.1,1319.5,-3.900000000000091,,,
2016-07-26,1323.1,1332,1321.3,1328.3,8.799999999999955,5.6051282051280396,,
2016-07-27,1327.5,1350,1323,1334.5,6.2000000000000455,2.132692307692423,,
2016-07-28,1347.5,1352.6,1339.2,1341.2,6.7000000000000455,-0.01794871794845676,,
2016-07-29,1342.7,1362,1335,1357.5,16.299999999999955,-2.2250000000001364,,
2016-08-01,1357.2,1361.9,1353.2,1359.6,2.099999999999909,-3.653205128204945,,
2016-08-02,1360.6,1374.2,1353.7,1372.6,13,-1.8173076923076223,,
2016-08-03,1370.5,1373.4,1360.6,1364.7,-7.899999999999864,-0.4057692307690104,,
2016-08-04,1364.7,1371.4,1355.1,1367.4,2.7000000000000455,0.6153846153847553,,
2016-08-05,1367.2,1371,1340.4,1344.4,-23,2.0339743589743193,0.251994301994374,1.7819800569799453
2016-08-08,1341.2,1343.9,1335.3,1341.3,-3.1000000000001364,2.096153846153811,-0.13789173789165135,2.2340455840454627
2016-08-09,1341.2,1348.5,1336,1346.7,5.400000000000091,3.741666666666788,0.040883190883278075,3.70078347578351
2016-08-10,1347,1363.6,1345.7,1351.9,5.2000000000000455,6.703205128205127,0.7876780626781207,5.915527065527006
2016-08-11,1353.2,1359.4,1341.4,1350,-1.900000000000091,9.16923076923058,2.0537037037037558,7.115527065526825
2016-08-12,1344.7,1362.5,1338.3,1343.2,-6.7999999999999545,10.621153846153902,3.639743589743628,6.981410256410275
2016-08-15,1343.6,1349.1,1340.9,1347.5,4.2999999999999545,11.565384615384573,5.1267094017094275,6.438675213675146
2016-08-16,1345.2,1364.3,1344.8,1356.9,9.400000000000091,11.50384615384587,6.44999999999997,5.0538461538459005
2016-08-17,1351.3,1356.8,1340.5,1348.8,-8.100000000000136,10.084615384615063,7.50213675213667,2.5824786324783924
2016-08-18,1353.8,1361.5,1351.2,1357.2,8.400000000000091,8.278205128204945,8.195940170940073,0.08226495726487215
2016-08-19,1357.1,1357.9,1342,1346.2,-11,6.1980769230769965,8.651709401709317,-2.4536324786323203
2016-08-22,1345,1345.7,1335.4,1343.4,-2.7999999999999545,3.582692307692014,8.634045584045452,-5.051353276353439
2016-08-23,1343.6,1348.8,1338.9,1346.1,2.699999999999818,3.0782051282046723,8.231267806267624,-5.153062678062952
2016-08-24,1342.2,1344.1,1327,1329.7,-16.399999999999864,2.2115384615385665,7.458190883190734,-5.2466524216521675
2016-08-25,1327.4,1330.2,1321,1324.6,-5.100000000000136,0.16602564102549877,6.2965099715098,-6.130484330484301
2016-08-26,1324.8,1346,1321.2,1325.9,1.300000000000182,-1.804487179487296,4.810968660968481,-6.615455840455777
2016-08-29,1323.8,1328.5,1317.2,1327.1,1.199999999999818,-3.855128205128267,3.104415954415799,-6.959544159544066
2016-08-30,1327,1328.9,1312,1316.5,-10.599999999999909,-5.964743589743648,1.3211538461537202,-7.285897435897368
2016-08-31,1314.7,1319.2,1306.9,1311.4,-5.099999999999909,-8.323076923076997,-0.5234330484331622,-7.799643874643834
2016-09-01,1311.7,1318.6,1305.5,1317.1,5.699999999999818,-10.970512820513022,-2.4310541310542755,-8.539458689458748
2016-09-02,1318,1334,1307.4,1326.7,9.600000000000136,-12.254487179487342,-4.19074074074087,-8.06374643874647
2016-09-06,1328.1,1357.2,1325.5,1354,27.299999999999955,-12.386538461538294,-5.909045584045645,-6.477492877492649
2016-09-07,1353.5,1357.6,1346.9,1349.2,-4.7999999999999545,-11.73653846153843,-7.458831908831978,-4.277706552706452
2016-09-08,1349.1,1353.9,1339.1,1341.6,-7.600000000000136,-10.694230769230671,-8.665527065527108,-2.028703703703563
2016-09-09,1341.6,1343.6,1331.2,1334.5,-7.099999999999909,-10.499358974358756,-9.631623931623936,-0.8677350427348198
2016-09-12,1332,1333.8,1323.3,1325.6,-8.900000000000091,-9.233333333332894,-10.229202279202228,0.9958689458693346
2016-09-13,1331.7,1335.9,1318.8,1323.7,-1.8999999999998636,-8.512179487179083,-10.51225071225061,2.000071225071528
2016-09-14,1322.6,1329.8,1316.6,1326.1,2.3999999999998636,-7.910897435897141,-10.466452991452847,2.5555555555557063
2016-09-15,1325.8,1332.5,1312.1,1318,-8.099999999999909,-7.565384615384573,-10.088105413105243,2.5227207977206696
2016-09-16,1318.3,1321.5,1309.2,1310.2,-7.7999999999999545,-6.486538461538203,-9.447222222222004,2.9606837606838017
2016-09-19,1313.2,1321.8,1312.6,1317.8,7.599999999999909,-4.714743589743421,-8.594800569800352,3.8800569800569313
2016-09-20,1316.3,1321.1,1315.2,1318.2,0.40000000000009095,-3.6615384615383846,-7.697578347578125,4.036039886039741
2016-09-21,1318,1341.3,1310.9,1331.4,13.200000000000045,-2.6506410256411073,-6.803846153845951,4.153205128204844
2016-09-22,1338.9,1347.8,1335.1,1344.7,13.299999999999955,-2.9564102564099812,-5.965740740740532,3.009330484330551
2016-09-23,1340.3,1344.5,1337.4,1341.7,-3,-3.3083333333331666,-5.307407407407229,1.9990740740740627
2016-09-26,1340.8,1346.1,1336.5,1344.1,2.3999999999998636,-2.596153846153584,-4.650071225071063,2.053917378917479
2016-09-27,1342,1343.5,1327.7,1330.4,-13.699999999999818,-2.330128205128176,-4.0299857549856215,1.6998575498574455
2016-09-28,1330.1,1331.1,1321.1,1323.7,-6.7000000000000455,-1.7307692307690559,-3.3816951566950086,1.6509259259259528
2016-09-29,1325,1329.4,1318.6,1326,2.2999999999999545,-0.7660256410256352,-2.7460826210825013,1.9800569800568661
2016-09-30,1323.6,1331.5,1316,1317.1,-8.900000000000091,-1.031410256410254,-2.3368233618232606,1.3054131054130065
2016-10-03,1321,1322.6,1311.8,1312.7,-4.399999999999864,-1.0153846153843915,-2.0428062678061503,1.0274216524217588
2016-10-04,1315,1315.4,1269,1269.7,-43,-2.2288461538457796,-1.9959401709400026,-0.2329059829057769
2016-10-05,1270.5,1279.4,1264.1,1268.6,-1.1000000000001364,-4.078846153845916,-2.1206552706551065,-1.9581908831908095
2016-10-06,1269.7,1271.6,1251.8,1253,-15.599999999999909,-7.069871794871688,-2.538603988603831,-4.531267806267857
2016-10-07,1256.8,1267.6,1243.2,1251.9,-1.099999999999909,-11.406410256410481,-3.517521367521264,-7.888888888889218
2016-10-10,1258.5,1266.8,1258.5,1260.4,8.5,-16.250641025641244,-5.064245014244938,-11.186396011396305
2016-10-11,1261.7,1264,1254.3,1255.9,-4.5,-20.677564102564475,-7.169444444444429,-13.508119658120044
2016-10-12,1254.5,1260.5,1251.2,1253.8,-2.1000000000001364,-24.34871794871833,-9.789743589743617,-14.558974358974714
2016-10-13,1257.1,1263.9,1254.7,1257.6,3.7999999999999545,-26.892307692308123,-12.663176638176715,-14.229131054131408
2016-10-14,1259.5,1260.7,1246.9,1255.5,-2.099999999999909,-29.264102564102586,-15.801923076923181,-13.462179487179405
2016-10-17,1252.9,1258.2,1251.1,1256.6,1.099999999999909,-32.05128205128199,-19.115527065527203,-12.935754985754784
2016-10-18,1256,1265.6,1255.9,1262.9,6.300000000000182,-34.156410256410254,-22.457478632478796,-11.698931623931458
2016-10-19,1263.9,1274.4,1261.1,1269.9,7,-35.653846153846416,-25.633475783475987,-10.02037037037043
2016-10-20,1270.6,1275.9,1265.5,1267.5,-2.400000000000091,-33.58333333333371,-28.09757834757857,-5.485754985755143
2016-10-21,1266.5,1268.8,1261.7,1267.7,0.20000000000004547,-31.723717948717876,-29.816809116809306,-1.90690883190857
2016-10-24,1266.9,1272.8,1260.1,1263.7,-4,-29.04358974358979,-30.746367521367674,1.7027777777778823
2016-10-25,1265.2,1277.5,1262.4,1273.6,9.899999999999864,-25.53525641025658,-30.87820512820526,5.34294871794868
2016-10-26,1274,1277.2,1265.1,1266.6,-7,-23.033974358974547,-30.449501424501527,7.41552706552698
2016-10-27,1267.2,1273.7,1265.2,1269.5,2.900000000000091,-19.519871794871733,-29.36680911680921,9.846937321937478
2016-10-28,1269.2,1285.4,1262,1276.8,7.2999999999999545,-14.99166666666656,-27.471296296296387,12.479629629629827
2016-10-31,1278.3,1280.5,1271.9,1273.1,-3.7000000000000455,-11.061538461538248,-24.905199430199495,13.843660968661247
2016-11-01,1277.8,1292.9,1276.3,1288,14.900000000000091,-6.195512820512704,-21.632051282051307,15.436538461538603
2016-11-02,1289,1309.3,1288.4,1308.2,20.200000000000045,-1.041666666666515,-18.016310541310506,16.97464387464399
2016-11-03,1298.1,1308,1286.2,1303.3,-4.900000000000091,3.109615384615381,-14.145940170940143,17.255555555555524
2016-11-04,1303.2,1308.3,1295.7,1304.5,1.2000000000000455,6.819871794871688,-10.16111111111109,16.980982905982778
2016-11-07,1294.5,1296.5,1278.6,1279.4,-25.09999999999991,9.261538461538748,-6.294800569800499,15.556339031339247
2016-11-08,1282.2,1291.5,1273.3,1274.5,-4.900000000000091,11.29743589743589,-2.4801994301993395,13.77763532763523
2016-11-09,1276.8,1338.3,1268.1,1273.5,-1,11.96794871794873,1.0184472934473787,10.949501424501351
2016-11-10,1278.4,1292.5,1251.9,1266.4,-7.099999999999909,11.452564102564338,3.956695156695256,7.495868945869082
2016-11-11,1258.7,1265,1218.7,1224.3,-42.100000000000136,9.031410256410254,6.18924501424509,2.842165242165164
2016-11-14,1227.7,1230.9,1211,1221.7,-2.599999999999909,6.20961538461529,7.567592592592645,-1.3579772079773544
2016-11-15,1221.8,1231.4,1218.6,1224.5,2.7999999999999545,3.2320512820510885,8.042450142450157,-4.810398860399069
2016-11-16,1228,1233.1,1221,1223.9,-0.599999999999909,0.3628205128204627,7.737250712250721,-7.374430199430258
2016-11-17,1224.8,1231.1,1210.5,1216.9,-7,-4.142948717949139,6.519159544159518,-10.662108262108656
2016-11-18,1216,1217.5,1201.3,1208.7,-8.200000000000045,-10.55384615384628,4.31745014245007,-14.87129629629635
2016-11-21,1207.3,1217.8,1205.4,1209.8,1.099999999999909,-16.587820512820826,1.2190883190882131,-17.80690883190904
2016-11-22,1213.5,1220.9,1205.6,1211.2,1.400000000000091,-22.616666666666788,-2.6236467236468446,-19.993019943019945
2016-11-23,1212.6,1214.7,1181.2,1189.3,-21.90000000000009,-27.294230769231035,-6.92884615384633,-20.365384615384706
2016-11-25,1189.4,1192.7,1170.3,1178.4,-10.899999999999864,-31.783333333333758,-11.463817663817887,-20.319515669515873
2016-11-28,1184.4,1197.2,1182.4,1190.8,12.399999999999864,-35.725000000000364,-16.123219373219627,-19.601780626780737
2016-11-29,1196.6,1197.7,1182.6,1190.8,0,-39.06730769230785,-20.823148148148398,-18.24415954415945
2016-11-30,1190.7,1196.8,1171.3,1173.9,-16.899999999999864,-39.81346153846198,-25.28717948717978,-14.526282051282198
2016-12-01,1175.1,1178.4,1162.2,1169.4,-4.5,-40.164102564102905,-29.2895299145302,-10.874572649572706
2016-12-02,1174.3,1180.3,1168.4,1177.8,8.399999999999864,-40.640384615384846,-32.63247863247893,-8.007905982905918
2016-12-05,1182.6,1190.2,1158.6,1176.5,-1.2999999999999545,-41.0134615384618,-35.346438746439034,-5.667022792022763
2016-12-06,1172.8,1177.1,1168.1,1170.1,-6.400000000000091,-40.80961538461543,-37.367877492877774,-3.4417378917376524
2016-12-07,1171.4,1182.3,1167.2,1177.5,7.400000000000091,-39.73269230769233,-38.74992877492903,-0.9827635327633004
2016-12-08,1176.1,1180.7,1170.9,1172.4,-5.099999999999909,-38.40320512820517,-39.4854700854703,1.0822649572651244
2016-12-09,1172.5,1173.8,1157.6,1161.9,-10.5,-36.88461538461547,-39.61431623931642,2.729700854700951
2016-12-12,1161.4,1167.9,1152.5,1165.8,3.8999999999998636,-33.55448717948752,-39.00178062678083,5.447293447293305
2016-12-13,1164.5,1167,1156.3,1159,-6.7999999999999545,-29.575000000000273,-37.864173789173975,8.289173789173702
2016-12-14,1159.8,1168,1140,1163.7,4.7000000000000455,-27.38333333333344,-36.44408831908848,9.06075498575504
2016-12-15,1143.8,1146,1124.3,1129.8,-33.90000000000009,-26.901282051282124,-34.91752136752151,8.016239316239385
2016-12-16,1130.5,1143.2,1128.5,1137.4,7.600000000000136,-24.708333333333712,-33.10584045584061,8.397507122506894
2016-12-19,1136.1,1144.4,1135.5,1142.7,5.2999999999999545,-22.175641025641198,-31.035398860399027,8.85975783475783
2016-12-20,1139.8,1141.7,1127.3,1133.6,-9.100000000000136,-22.370512820512886,-29.10626780626798,6.735754985755094
2016-12-21,1134,1138.8,1131,1133.2,-0.3999999999998636,-22.574999999999818,-27.347578347578494,4.772578347578676
2016-12-22,1133.2,1135.5,1128.6,1130.7,-2.5,-22.25064102564079,-25.721581196581308,3.470940170940519
2016-12-23,1130,1137.3,1129.5,1133.6,2.8999999999998636,-22.435897435897232,-24.486182336182384,2.0502849002851526
2016-12-27,1135.3,1151.7,1132.8,1138.8,5.2000000000000455,-22.23205128205109,-23.670299145299143,1.4382478632480549
2016-12-28,1139.3,1145.1,1137.1,1140.9,2.1000000000001364,-21.374358974358984,-23.002635327635314,1.6282763532763305
2016-12-29,1143.1,1160.6,1142.6,1158.1,17.199999999999818,-20.027564102564156,-22.238888888888873,2.2113247863247167
2016-12-30,1159.5,1164.3,1150.3,1151.7,-6.399999999999864,-18.347435897435844,-21.532122507122445,3.184686609686601
2017-01-03,1151.4,1166,1146.5,1162,10.299999999999955,-17.439102564102313,-21.005840455840346,3.5667378917380326
2017-01-04,1159.6,1168.6,1156.7,1165.3,3.2999999999999545,-13.97692307692273,-20.073219373219217,6.096296296296487
2017-01-05,1164.6,1185.9,1163.6,1181.3,16,-9.9532051282049,-18.67079772079756,8.71759259259266
2017-01-06,1181,1183.8,1171.1,1173.4,-7.899999999999864,-6.725641025640925,-16.945797720797575,10.22015669515665
2017-01-09,1172.9,1186.4,1172.2,1184.9,11.5,-2.8737179487179674,-14.772222222222101,11.898504273504134
2017-01-10,1181.3,1190.6,1180.2,1185.5,0.599999999999909,0.8653846153845279,-12.205840455840367,13.071225071224895
2017-01-11,1188.1,1198.5,1177,1196.6,11.099999999999909,5.633974358974001,-9.204914529914479,14.83888888888848
2017-01-12,1191.1,1207.2,1190.7,1199.8,3.2000000000000455,10.254487179487114,-5.840242165242115,16.09472934472923
2017-01-13,1194.8,1201.8,1187.5,1196.2,-3.599999999999909,14.03397435897432,-2.242307692307653,16.27628205128197
2017-01-17,1199.4,1218.9,1198,1212.9,16.700000000000045,18.672435897435662,1.7700854700854558,16.902350427350207
2017-01-18,1216.8,1217.7,1201.8,1212.1,-0.8000000000001819,21.64551282051275,5.728133903133842,15.917378917378908
2017-01-19,1203.1,1206.4,1195.4,1201.5,-10.599999999999909,24.272435897436026,9.530982905982833,14.741452991453192
2017-01-20,1204.8,1214.8,1198.2,1204.9,3.400000000000091,26.34358974358952,13.205341880341772,13.138247863247747
2017-01-23,1209.3,1219.4,1209,1215.6,10.699999999999818,28.35833333333335,16.675569800569697,11.682763532763651
2017-01-24,1218,1220.1,1206.2,1210.8,-4.7999999999999545,29.00512820512813,19.802207977207875,9.202920227920256
2017-01-25,1208.6,1209.3,1192.6,1197.8,-13,28.423076923076906,22.33433048433042,6.088746438746487
2017-01-26,1200.7,1202.3,1183.9,1189.8,-8,26.816025641025817,24.174501424501386,2.641524216524431
2017-01-27,1188.5,1191,1179.7,1188.4,-1.3999999999998636,25.299999999999955,25.426282051282012,-0.1262820512820575
2017-01-30,1194.6,1201.3,1190,1196,7.599999999999909,22.84999999999991,25.890455840455818,-3.040455840455909
2017-01-31,1197.7,1217.4,1195.6,1211.4,15.400000000000091,20.808974358974183,25.79750712250709,-4.9885327635329055
2017-02-01,1212.2,1215,1199.7,1208.3,-3.1000000000001364,18.83269230769224,25.19309116809111,-6.36039886039887
2017-02-02,1211.2,1227.5,1210.2,1219.4,11.100000000000136,16.074358974358802,24.052065527065476,-7.977706552706675
2017-02-03,1217.8,1223.2,1208.3,1220.8,1.3999999999998636,13.64551282051275,22.41730769230763,-8.771794871794881
2017-02-06,1221.9,1237.5,1220.8,1232.1,11.299999999999955,12.68782051282028,20.604273504273426,-7.916452991453145
2017-02-07,1236.9,1237.5,1229.2,1236.1,4,12.287820512820417,18.811467236467152,-6.523646723646735
2017-02-08,1235.2,1246.6,1231.3,1239.5,3.400000000000091,10.902564102563929,17.043304843304718,-6.140740740740789
2017-02-09,1242.7,1246.2,1226.1,1236.8,-2.7000000000000455,10.19230769230785,15.364672364672263,-5.172364672364413
2017-02-10,1229.6,1238.9,1222.6,1235.9,-0.8999999999998636,10.65192307692314,14.009330484330398,-3.3574074074072584
2017-02-13,1234.2,1234.4,1220.3,1225.8,-10.100000000000136,11.940384615384346,13.023931623931528,-1.083547008547182
2017-02-14,1226.1,1236,1222.7,1225.4,-0.3999999999998636,13.023717948717831,12.378490028489928,0.645227920227903
2017-02-15,1228.6,1234.9,1217.5,1233.1,7.699999999999818,14.261538461538521,12.177065527065452,2.0844729344730695
2017-02-16,1234.3,1243.7,1233.3,1241.6,8.5,14.620512820512886,12.2853988603988,2.335113960114086
2017-02-17,1240.8,1245.1,1235.3,1239.1,-2.5,15.552564102564475,12.60370370370371,2.9488603988607647
2017-02-21,1236.4,1240.2,1226.8,1238.9,-0.1999999999998181,15.673717948718377,12.979914529914595,2.693803418803782
2017-02-22,1236.9,1241.9,1231.5,1233.3,-5.600000000000136,15.288461538461888,13.46723646723659,1.8212250712252978
2017-02-23,1238.3,1252.2,1236.4,1251.4,18.100000000000136,15.416025641025726,14.047649572649687,1.3683760683760386
2017-02-24,1250.6,1261.2,1248.8,1258.3,6.899999999999864,15.489102564102495,14.585113960114061,0.9039886039884344
2017-02-27,1258.9,1264.9,1251.5,1258.8,0.5,14.8935897435897,14.913247863247989,-0.019658119658288342
2017-02-28,1253.3,1259.3,1248.2,1253.9,-4.899999999999864,14.433974358973956,15.069943019943114,-0.6359686609691586
2017-03-01,1248.5,1251.4,1237.2,1250,-3.900000000000091,14.285897435897368,15.072649572649652,-0.7867521367522841
2017-03-02,1249.9,1250.8,1231.1,1232.9,-17.09999999999991,14.027564102563929,15.006766381766434,-0.9792022792025055
2017-03-03,1234.8,1236.7,1223,1226.5,-6.400000000000091,13.015384615384392,14.724857549857537,-1.7094729344731459
2017-03-06,1233.9,1237.3,1225,1225.5,-1,11.008974358974456,14.206552706552657,-3.197578347578201
2017-03-07,1225.7,1227.4,1214.1,1216.1,-9.400000000000091,7.818589743589882,13.376566951566879,-5.557977207976997
2017-03-08,1215.6,1218.5,1206.4,1209.4,-6.699999999999818,4.828205128205127,12.200142450142367,-7.37193732193724
2017-03-09,1207.7,1208.9,1199,1203.2,-6.2000000000000455,2.1685897435897914,10.720085470085401,-8.55149572649561
2017-03-10,1200.2,1206.2,1194.5,1201.4,-1.7999999999999545,-0.2243589743591201,9.040313390313308,-9.264672364672428
2017-03-13,1205,1210.9,1202,1203.1,1.699999999999818,-3.6224358974359347,7.034045584045543,-10.656481481481478
2017-03-14,1203.5,1207.5,1196.9,1202.6,-0.5,-7.564102564102541,4.606267806267776,-12.170370370370318
2017-03-15,1198.7,1222,1196.8,1200.7,-1.8999999999998636,-11.198076923076997,1.803418803418784,-13.001495726495781
2017-03-16,1219.5,1234,1218.1,1227.1,26.399999999999864,-13.085256410256306,-1.0966524216524047,-11.988603988603902
2017-03-17,1226.2,1231.5,1224,1230.2,3.1000000000001364,-14.377564102563838,-3.9173789173788816,-10.460185185184956
2017-03-20,1229,1235.5,1228.8,1234,3.7999999999999545,-14.178205128204809,-6.361467236467181,-7.816737891737628
2017-03-21,1234.2,1247.7,1226.6,1246.5,12.5,-12.919230769230353,-8.333404558404457,-4.585826210825896
2017-03-22,1244.5,1251.5,1243.8,1249.7,3.2000000000000455,-11.82179487179451,-9.8878917378916,-1.9339031339029091
2017-03-23,1248.6,1253.3,1242.7,1247.2,-2.5,-10.068589743589655,-10.981695156694993,0.9131054131053382
2017-03-24,1245,1251.9,1240.7,1248.5,1.2999999999999545,-7.402564102563929,-11.401709401709216,3.9991452991452867
2017-03-27,1245.5,1261,1245.5,1255.7,7.2000000000000455,-3.569871794871915,-10.957905982905812,7.388034188033897
2017-03-28,1253.5,1258.4,1247.3,1255.6,-0.10000000000013642,0.3121794871797192,-9.6789886039884,9.991168091168118
2017-03-29,1253,1257.5,1250,1256.8,1.2000000000000455,4.098717948718104,-7.769658119657909,11.868376068376012
2017-03-30,1256.1,1256.5,1244.2,1248,-8.799999999999955,7.316666666666833,-5.359188034187834,12.675854700854668
2017-03-31,1244.6,1252.8,1241.5,1251.2,3.2000000000000455,11.532692307692514,-2.5024216524214657,14.03511396011398
2017-04-03,1251.9,1255.9,1246.4,1254,2.7999999999999545,13.93974358974333,0.48190883190894357,13.457834757834386
2017-04-04,1255.5,1263.7,1255.5,1258.4,4.400000000000091,16.305128205127858,3.60712250712254,12.698005698005318
2017-04-05,1258.2,1259.3,1245.4,1248.5,-9.900000000000091,17.721153846153584,6.694871794871789,11.026282051281795
2017-04-06,1257.6,1260.9,1251.3,1253.3,4.7999999999999545,18.16089743589714,9.535256410256352,8.625641025640789
2017-04-07,1253.9,1273.3,1252.4,1257.3,4,17.85576923076883,11.9158831908831,5.939886039885728
2017-04-10,1255.6,1258.9,1248.2,1253.9,-3.3999999999998636,17.360256410255943,13.810113960113792,3.5501424501421504
2017-04-11,1256.8,1277.4,1254.7,1274.2,20.299999999999955,17.62884615384587,15.313461538461322,2.3153846153845485
2017-04-12,1277.2,1289,1273.8,1278.1,3.8999999999998636,17.110897435897186,16.40170940170914,0.7091880341880454
2017-04-13,1288.3,1290.7,1283.8,1288.5,10.400000000000091,16.810256410255988,16.98810541310508,-0.17784900284909355
2017-04-17,1292.4,1297.4,1283.1,1291.9,3.400000000000091,16.323717948717785,17.252991452991132,-0.9292735042733469
2017-04-18,1286.7,1294.4,1280.6,1294.1,2.199999999999818,16.59999999999991,17.285754985754693,-0.6857549857547838
2017-04-19,1291.7,1292.7,1275.4,1283.4,-10.699999999999818,16.194871794871688,17.116168091167815,-0.9212962962961271
2017-04-20,1282.2,1285.2,1278,1283.8,0.3999999999998636,15.555128205128085,16.82663817663792,-1.2715099715098361
2017-04-21,1283.3,1290.1,1280,1289.1,5.2999999999999545,14.713461538461388,16.47749287749265,-1.7640313390312627
2017-04-24,1280,1280,1266,1277.5,-11.599999999999909,15.191666666666606,16.236538461538277,-1.0448717948716713
2017-04-25,1277.9,1279.9,1262.8,1267.2,-10.299999999999955,14.92692307692323,15.936324786324652,-1.0094017094014216
2017-04-26,1265.5,1272.8,1260.7,1264.2,-3,14.340384615384664,15.628490028489928,-1.2881054131052636
2017-04-27,1270.2,1271.1,1261.8,1265.9,1.7000000000000455,14.594230769230762,15.382264957264901,-0.788034188034139
2017-04-28,1265.2,1269.9,1264.2,1268.3,2.3999999999998636,13.387179487179537,15.055982905982875,-1.6688034188033374
2017-05-01,1269.6,1272.4,1254.9,1255.5,-12.799999999999955,11.184615384615654,14.454273504273512,-3.2696581196578585
2017-05-02,1257.4,1258.8,1252.6,1257,1.5,8.232692307692332,13.569586894586918,-5.336894586894585
2017-05-03,1257.8,1257.8,1236.4,1248.5,-8.5,4.892948717948684,12.384900284900318,-7.491951566951634
2017-05-04,1238.5,1241.7,1225.7,1228.6,-19.90000000000009,0.4730769230768601,10.80263532763537,-10.32955840455851
2017-05-05,1228.5,1236,1226.2,1226.9,-1.699999999999818,-3.0852564102567612,8.771866096866107,-11.857122507122869
2017-05-08,1223.1,1236.9,1221,1227.1,0.1999999999998181,-7.006410256410163,6.3348290598290635,-13.341239316239227
2017-05-09,1226.6,1228.7,1214.3,1216.1,-11,-11.739743589743739,3.4370370370370185,-15.176780626780758
2017-05-10,1222.1,1225.8,1217.5,1218.9,2.800000000000182,-15.273076923076587,0.11844729344731302,-15.3915242165239
2017-05-11,1219.2,1227.7,1216.9,1224.2,5.2999999999999545,-17.541025641025726,-3.3180199430199386,-14.223005698005787
2017-05-12,1225,1231.6,1224.4,1227.7,3.5,-19.782692307692287,-6.758831908831932,-13.023860398860354
2017-05-15,1228.3,1237.4,1226.8,1230,2.2999999999999545,-21.87820512820508,-10.1044871794872,-11.77371794871788
2017-05-16,1230.8,1239.1,1230,1236.4,6.400000000000091,-23.732692307692332,-13.28511396011398,-10.447578347578352
2017-05-17,1237.2,1261.5,1236.3,1258.7,22.299999999999955,-23.65064102564088,-15.965527065527063,-7.685113960113817
2017-05-18,1261.4,1265,1245.7,1252.8,-5.900000000000091,-23.17756410256402,-18.198005698005645,-4.979558404558375
2017-05-19,1246.8,1256.4,1246.1,1253.6,0.7999999999999545,-21.810256410256443,-19.842877492877456,-1.967378917378987
2017-05-22,1257.5,1262.6,1251.6,1261.4,7.800000000000182,-18.034615384615563,-20.54230769230766,2.5076923076920963
2017-05-23,1260.4,1263.8,1250.5,1255.5,-5.900000000000091,-14.251282051282033,-20.428774928774928,6.177492877492895
2017-05-24,1251.1,1258.8,1247.6,1253.1,-2.400000000000091,-10.507692307692196,-19.647293447293425,9.139601139601229
2017-05-25,1258.4,1259.4,1253.5,1256.4,3.300000000000182,-6.110897435897414,-18.128205128205106,12.017307692307693
2017-05-26,1255.1,1269.3,1252.6,1268.1,11.699999999999818,-1.4070512820514978,-15.853632478632486,14.446581196580988
2017-05-30,1271.2,1273.4,1261.8,1265.7,-2.3999999999998636,2.9512820512823055,-12.888746438746416,15.840028490028722
2017-05-31,1265.7,1276.8,1262,1275.4,9.700000000000045,7.007051282051179,-9.482336182336187,16.489387464387367
2017-06-01,1271.6,1272.8,1263.7,1270.1,-5.300000000000182,10.237179487179446,-5.769586894586912,16.006766381766358
2017-06-02,1268,1282.2,1261.3,1280.2,10.100000000000136,13.27179487179501,-1.8715811965811957,15.143376068376206
2017-06-05,1282.6,1286,1280.2,1282.7,2.5,14.625641025641016,1.757336182336202,12.868304843304815
2017-06-06,1282.5,1298.8,1282.1,1297.5,14.799999999999955,17.2275641025642,5.254985754985784,11.972578347578418
2017-06-07,1297,1297.6,1285,1293.2,-4.2999999999999545,19.077564102564338,8.54223646723651,10.535327635327828
2017-06-08,1289.5,1291.5,1273.5,1279.5,-13.700000000000045,19.720512820513022,11.412393162393224,8.308119658119798
2017-06-09,1283.5,1284.6,1266.7,1271.4,-8.099999999999909,20.164743589743694,13.809259259259356,6.355484330484337
2017-06-12,1269.7,1272.4,1265.6,1268.9,-2.5,19.931410256410118,15.695940170940226,4.235470085469892
2017-06-13,1267.7,1271,1260.5,1268.6,-0.3000000000001819,19.344230769230762,17.066737891737958,2.2774928774928043
2017-06-14,1268.4,1284.2,1259,1275.9,7.300000000000182,18.117307692307577,17.94230769230775,0.17499999999982663
2017-06-15,1262.7,1268.5,1252.7,1254.6,-21.300000000000182,15.711538461537884,18.213390313390292,-2.5018518518524075
2017-06-16,1255.6,1258.6,1253.2,1256.5,1.900000000000091,12.690384615384346,17.998361823361773,-5.307977207977427
2017-06-19,1255.8,1257.3,1244.3,1246.7,-9.799999999999955,9.875,17.181410256410192,-7.306410256410192
2017-06-20,1245.4,1249.4,1242.4,1243.5,-3.2000000000000455,6.2089743589740465,15.751566951566828,-9.542592592592781
2017-06-21,1243.9,1248.8,1241.7,1245.8,2.2999999999999545,2.526282051281896,13.841096866096702,-11.314814814814806
2017-06-22,1246.4,1256,1246.4,1249.4,3.6000000000001364,-1.9820512820515432,11.380341880341676,-13.36239316239322
2017-06-23,1250.9,1260,1250.6,1256.4,7,-4.960256410256534,8.614601139600937,-13.574857549857471
2017-06-26,1258.1,1259,1236.5,1246.4,-10,-7.4724358974362985,5.634971509971264,-13.107407407407562
2017-06-27,1245.2,1253.8,1241.8,1246.9,0.5,-9.256410256410845,2.5934472934469945,-11.84985754985784
2017-06-28,1247.3,1255.7,1246.7,1249.1,2.199999999999818,-10.433333333333621,-0.31153846153872816,-10.121794871794894
2017-06-29,1249.6,1253.2,1239.7,1245.8,-3.2999999999999545,-11.960256410256989,-3.0504985754988763,-8.909757834758112
2017-06-30,1245.2,1248.2,1239,1242.3,-3.5,-14.344871794872233,-5.741595441595791,-8.603276353276442
2017-07-03,1241.7,1242.6,1218,1219.2,-23.09999999999991,-15.864102564102723,-8.194159544159877,-7.6699430199428456
2017-07-05,1220.1,1228.4,1216.5,1221.7,2.5,-16.979487179487478,-10.361467236467584,-6.618019943019894
2017-07-06,1226.5,1229.5,1221.8,1223.3,1.599999999999909,-17.29871794871815,-12.06331908831943,-5.235398860398719
2017-07-07,1224.6,1228.1,1206.6,1209.7,-13.599999999999909,-17.588461538461615,-13.466452991453329,-4.122008547008287
2017-07-10,1212.1,1215,1204,1213.2,3.5,-18.11666666666656,-14.64914529914558,-3.4675213675209804
2017-07-11,1213.8,1217.1,1207.4,1214.7,1.5,-18.489102564102495,-15.675000000000207,-2.8141025641022885
2017-07-12,1216.5,1225.2,1212.5,1219.1,4.399999999999864,-19.151282051281896,-16.643660968661127,-2.507621082620769
2017-07-13,1219.2,1223.6,1215.6,1217.3,-1.7999999999999545,-18.491666666666788,-17.369373219373326,-1.1222934472934618
2017-07-14,1216.4,1232.7,1214,1227.5,10.200000000000045,-17.58141025640998,-17.728988603988633,0.1475783475786514
2017-07-17,1228.7,1235.4,1227.5,1233.7,6.2000000000000455,-17.10320512820499,-17.86666666666666,0.7634615384616694
2017-07-18,1233.3,1244.1,1232.2,1241.9,8.200000000000045,-16.29358974358979,-17.790455840455806,1.4968660968660146
2017-07-19,1242,1243.5,1235.1,1242,0.09999999999990905,-15.28397435897432,-17.566595441595382,2.2826210826210627
2017-07-20,1240.6,1247.2,1234.6,1245.5,3.5,-12.203846153846143,-16.968304843304775,4.764458689458632
2017-07-21,1244.1,1255.9,1242.8,1254.9,9.400000000000091,-8.629487179487342,-15.91417378917375,7.284686609686409
2017-07-24,1255.5,1259,1252,1254.3,-0.6000000000001364,-6.034615384615563,-14.530341880341869,8.495726495726306
2017-07-25,1255.2,1258,1248.8,1252.1,-2.2000000000000455,-2.3320512820514523,-12.661538461538486,10.329487179487034
2017-07-26,1250.3,1263.4,1243.2,1249.4,-2.699999999999818,0.5807692307691923,-10.542378917378933,11.123148148148125
2017-07-27,1266.8,1271.3,1260.3,1266.5,17.09999999999991,4.012820512820326,-8.14301994302001,12.155840455840336
2017-07-28,1265,1277,1263.2,1275.3,8.799999999999955,7.561538461538021,-5.402492877493008,12.964031339031028
2017-07-31,1276.3,1277.3,1271.7,1273.4,-1.8999999999998636,11.31346153846107,-2.3350427350429124,13.648504273503981
2017-08-01,1275.6,1280.3,1268.4,1279.4,6,14.753846153845643,1.0024928774926392,13.751353276353004
2017-08-02,1275.2,1279,1268.9,1278.4,-1,17.248076923076724,4.274928774928513,12.97314814814821
2017-08-03,1272.6,1277,1262.9,1274.4,-4,18.89871794871715,7.333618233617901,11.565099715099247
2017-08-04,1275.3,1276.5,1259.8,1264.6,-9.800000000000182,20.185897435897004,10.247008547008186,9.938888888888819
2017-08-07,1264.3,1265.6,1261.3,1264.7,0.10000000000013642,21.058974358974183,12.846011396011034,8.212962962963148
2017-08-08,1262.9,1271,1257.1,1262.6,-2.1000000000001364,20.919871794871824,15.105911680911326,5.813960113960498
2017-08-09,1266.1,1284.7,1265.9,1279.3,16.700000000000045,20.691666666666606,16.95911680911647,3.7325498575501364
2017-08-10,1283.2,1293.8,1280.3,1290.1,10.799999999999955,21.2275641025642,18.47756410256382,2.75000000000038
2017-08-11,1292.5,1298.1,1286.7,1294,3.900000000000091,22.225000000000136,19.68995726495705,2.535042735043085
2017-08-14,1296.4,1296.4,1284.2,1290.4,-3.599999999999909,21.112820512820463,20.39650997150981,0.7163105413106514
2017-08-15,1287,1287.7,1272.7,1279.7,-10.700000000000045,18.921794871794646,20.58247863247847,-1.660683760683824
2017-08-16,1276.9,1289.5,1273.2,1282.9,3.2000000000000455,17.090384615384664,20.381552706552636,-3.2911680911679717
2017-08-17,1290,1296,1286.4,1292.4,9.5,15.35448717948725,19.84472934472933,-4.49024216524208
2017-08-18,1293.8,1306.9,1289.1,1291.6,-0.8000000000001819,13.5967948717946,19.015598290598266,-5.418803418803666
2017-08-21,1289.1,1299.7,1286.2,1296.7,5.100000000000136,12.793589743590019,18.112678062678064,-5.319088319088046
2017-08-22,1297.1,1298.1,1287,1291,-5.7000000000000455,12.789743589743694,17.23468660968663,-4.4449430199429365
2017-08-23,1290.4,1297,1287.9,1294.7,3.7000000000000455,13.258974358974683,16.349287749287797,-3.0903133903131135
2017-08-24,1296,1296.8,1289.3,1292,-2.7000000000000455,13.785897435897596,15.411609686609735,-1.625712250712139
2017-08-25,1291.3,1301.4,1281.3,1297.9,5.900000000000091,13.320512820512704,14.545797720797761,-1.2252849002850574
2017-08-28,1297.6,1317.8,1297,1315.3,17.399999999999864,13.097435897435616,13.898646723646758,-0.8012108262111415
2017-08-29,1320.5,1331.9,1310.6,1318.9,3.6000000000001364,12.687820512820508,13.409472934472964,-0.7216524216524558
2017-08-30,1314.8,1319.3,1310.1,1314.1,-4.800000000000182,12.278205128204945,13.067663817663819,-0.7894586894588738
2017-08-31,1314.1,1329,1302.3,1322.2,8.100000000000136,13.019871794871278,13.003561253561227,0.016310541310051718
2017-09-01,1326.9,1334.5,1321.4,1330.4,8.200000000000045,14.52051282051275,13.19544159544153,1.3250712250712198
2017-09-05,1339.7,1349.7,1331.1,1344.5,14.099999999999909,16.200641025640834,13.574430199430102,2.626210826210732
2017-09-06,1345,1347.7,1336.4,1339,-5.5,17.627564102564065,14.059829059828921,3.567735042735144
2017-09-07,1339,1355.5,1337.2,1350.3,11.299999999999955,19.367307692307577,14.679985754985587,4.68732193732199
2017-09-08,1354,1362.4,1347.1,1351.2,0.900000000000091,21.583974358974274,15.598148148147983,5.985826210826291
2017-09-11,1341.5,1344.6,1330.6,1335.7,-15.5,22.642948717948684,16.658760683760548,5.984188034188136
2017-09-12,1331.7,1336.3,1326.7,1332.7,-3,23.41538461538471,17.850712250712125,5.564672364672585
2017-09-13,1336.2,1340.5,1324.5,1328,-4.7000000000000455,23.489102564102268,19.096367521367384,4.392735042734884
2017-09-14,1327.6,1334.9,1319.5,1329.3,1.2999999999999545,22.090384615384664,20.1042022792022,1.9861823361824626
2017-09-15,1333.7,1338.2,1323,1325.2,-4.099999999999909,20.84999999999991,20.807478632478553,0.04252136752135627
2017-09-18,1324,1324,1308.1,1310.8,-14.400000000000091,19.77884615384619,21.205056980056927,-1.4262108262107382
2017-09-19,1310.5,1315.3,1308.7,1310.6,-0.20000000000004547,18.173717948717695,21.265740740740664,-3.09202279202297
2017-09-20,1314.7,1319.8,1299.5,1316.4,5.800000000000182,16.00705128205118,20.892378917378842,-4.885327635327663
2017-09-21,1304.8,1305,1291.2,1294.8,-21.600000000000136,11.284615384615108,19.7480056980056,-8.46339031339049
2017-09-22,1294.1,1301.9,1294.1,1297.5,2.7000000000000455,7.264743589743603,18.039316239316147,-10.774572649572544
2017-09-25,1301.5,1315.8,1291.7,1311.5,14,3.2967948717946456,15.803917378917252,-12.507122507122606
2017-09-26,1314.2,1317.1,1295,1301.7,-9.799999999999955,-1.216666666666697,13.058831908831811,-14.275498575498508
2017-09-27,1297.3,1299.2,1284.1,1287.8,-13.900000000000091,-4.866025641025772,10.063675213675095,-14.929700854700867
2017-09-28,1285.1,1291.6,1280.4,1288.7,0.900000000000091,-8.444230769230899,6.808760683760561,-15.25299145299146
2017-09-29,1290.1,1293.2,1278.2,1284.8,-3.900000000000091,-11.663461538461661,3.3151709401708,-14.978632478632461
2017-10-02,1282.2,1282.8,1272,1275.8,-9,-15.498717948718422,-0.4262108262109905,-15.072507122507432
2017-10-03,1273.1,1277.4,1271,1274.6,-1.2000000000000455,-18.819230769231126,-4.295797720797913,-14.523433048433212
2017-10-04,1274.5,1285,1273.1,1276.8,2.2000000000000455,-20.1717948717951,-7.790954415954603,-12.380840455840497
2017-10-05,1277.5,1281.6,1268.5,1273.2,-3.599999999999909,-21.530769230769238,-10.990455840456029,-10.540313390313209
2017-10-06,1270.6,1279.2,1262.8,1274.9,1.7000000000000455,-23.481410256410527,-13.96581196581216,-9.515598290598367
2017-10-09,1278.6,1288,1277.7,1285,10.099999999999909,-22.867307692307804,-16.37143874643895,-6.495868945868853
2017-10-10,1286.8,1296.7,1284.6,1293.8,8.799999999999955,-21.76794871794891,-18.24943019943041,-3.5185185185185013
2017-10-11,1290.7,1295.9,1286.8,1288.9,-4.899999999999864,-21.512820512820554,-19.701495726495928,-1.8113247863246258
2017-10-12,1294.6,1299.8,1291.8,1296.5,7.599999999999909,-20.311538461538703,-20.662393162393375,0.3508547008546721
2017-10-13,1296,1306.4,1292.9,1304.6,8.099999999999909,-17.15384615384596,-20.846296296296437,3.6924501424504754
2017-10-16,1306,1308.4,1292.5,1303,-1.599999999999909,-14.108333333333348,-20.32286324786335,6.214529914530001
2017-10-17,1297.2,1298.4,1283.2,1286.2,-16.799999999999955,-12.087820512820372,-19.424643874643934,7.336823361823562
2017-10-18,1286.9,1290.8,1278.6,1283,-3.2000000000000455,-9.576282051281623,-18.096367521367533,8.52008547008591
2017-10-19,1282.8,1292.8,1277.6,1290,7,-6.831410256409981,-16.246367521367475,9.414957264957494
2017-10-20,1292,1292.9,1279.3,1280.5,-9.5,-4.646153846153538,-14.221794871794778,9.57564102564124
2017-10-23,1281.5,1284.7,1273.6,1280.9,0.40000000000009095,-2.300641025640971,-12.05876068376056,9.75811965811959
2017-10-24,1283.9,1285.3,1274.8,1278.3,-2.6000000000001364,-0.7673076923076678,-9.753703703703573,8.986396011395906
2017-10-25,1278,1281.3,1272,1279,0.7000000000000455,-0.051923076923003464,-7.502635327635163,7.45071225071216
2017-10-26,1278.6,1283.8,1266.4,1269.6,-9.400000000000091,-0.2685897435899278,-5.6264957264956035,5.357905982905676
2017-10-27,1268,1275.2,1263.8,1271.8,2.2000000000000455,-0.8089743589746377,-4.14878917378908,3.339814814814442
2017-10-30,1274.3,1279.9,1269.8,1277.7,5.900000000000091,-1.6141025641024953,-2.9850427350426494,1.370940170940154
2017-10-31,1277.6,1279.1,1268.3,1270.5,-7.2000000000000455,-2.878846153846098,-2.240883190883147,-0.6379629629629511
2017-11-01,1271.8,1281.9,1268.5,1277.3,6.7999999999999545,-4.082051282051225,-1.9353988603988403,-2.1466524216523846
2017-11-02,1275.2,1285.1,1274,1278.1,0.7999999999999545,-4.383974358974456,-1.9062678062678313,-2.4777065527066244
2017-11-03,1277.5,1281.2,1265.9,1269.2,-8.899999999999864,-4.783974358974092,-2.1821937321937335,-2.6017806267803585
2017-11-06,1270.7,1283.9,1266.4,1281.6,12.399999999999864,-5.360897435897414,-2.6925925925925944,-2.6683048433048193
2017-11-07,1282.6,1282.8,1272.3,1275.8,-5.7999999999999545,-5.752564102564065,-3.3259971509971566,-2.4265669515669086
2017-11-08,1276.4,1288.1,1276.1,1283.7,7.900000000000091,-5.869230769230626,-3.9482905982905674,-1.9209401709400584
2017-11-09,1282.1,1289.5,1280.5,1287.5,3.7999999999999545,-5.514102564102359,-4.4710826210825365,-1.0430199430198224
2017-11-10,1286,1287.7,1273.6,1274.2,-13.299999999999955,-5.952564102563883,-4.953133903133802,-0.9994301994300816
2017-11-13,1275.3,1279.9,1274.4,1278.9,4.7000000000000455,-5.331410256410209,-5.225641025640925,-0.10576923076928324
2017-11-14,1278.9,1283.8,1269.7,1282.9,4,-4.325641025641062,-5.252706552706463,0.9270655270654009
2017-11-15,1280.7,1290,1276.5,1277.7,-5.2000000000000455,-3.7064102564102086,-5.177421652421547,1.4710113960113382
2017-11-16,1278,1281.8,1274.9,1278.2,0.5,-2.653205128204945,-4.940669515669419,2.287464387464474
2017-11-17,1278.8,1297.5,1278.1,1296.5,18.299999999999955,-1.053205128205036,-4.462037037036932,3.408831908831896
2017-11-20,1294.1,1295.1,1274.1,1275.3,-21.200000000000045,-0.15961538461533564,-3.840598290598185,3.6809829059828494
2017-11-21,1276.6,1284.5,1275.8,1281.7,6.400000000000091,1.7012820512818507,-2.999430199430132,4.700712250711982
2017-11-22,1280.6,1294.6,1278.6,1292.2,10.5,2.3538461538464617,-2.125213675213596,4.479059829060057
2017-11-24,1291.9,1293.3,1285.1,1287.3,-4.900000000000091,3.1467948717943273,-1.114173789173795,4.260968660968122
2017-11-27,1288,1299,1286.2,1294.4,7.100000000000136,3.869230769230626,-0.09188034188036909,3.961111111110995
2017-11-28,1298.8,1301.3,1294.5,1299.2,4.7999999999999545,4.125,0.8470797720797489,3.277920227920251
2017-11-29,1298,1300.4,1285.1,1286.2,-13,4.921153846153857,1.8056980056979783,3.115455840455878
2017-11-30,1286.9,1288.4,1273.1,1276.7,-9.5,4.799358974358938,2.633760683760632,2.165598290598306
2017-12-01,1277.9,1292.5,1274.2,1282.3,5.599999999999909,4.622435897435707,3.264387464387381,1.3580484330483262
2017-12-04,1277.6,1280.5,1273.5,1277.7,-4.599999999999909,4.310897435897459,3.7611111111110254,0.5497863247864339
2017-12-05,1279.1,1279.8,1263.2,1264.9,-12.799999999999955,3.4679487179487296,3.957407407407345,-0.4894586894586155
2017-12-06,1268.3,1271.8,1264.8,1266.1,1.199999999999818,1.3807692307689194,3.849287749287618,-2.4685185185186986
2017-12-07,1265.2,1266.8,1245.8,1253.1,-13,0.1999999999998181,3.521866096866006,-3.321866096866188
2017-12-08,1249.5,1254.4,1244.4,1248.4,-4.699999999999818,-1.4634615384616154,2.929344729344646,-4.392806267806261
2017-12-11,1249.2,1253.4,1242.4,1246.9,-1.5,-4.038461538461888,2.022293447293325,-6.060754985755214
2017-12-12,1243.9,1247.9,1238.3,1241.7,-5.2000000000000455,-6.780769230769465,0.7220797720796226,-7.5028490028490875
2017-12-13,1246.3,1259.7,1242.3,1248.6,6.899999999999864,-9.328205128205354,-0.8476495726497433,-8.480555555555611
2017-12-14,1258.1,1261.6,1252.8,1257.1,8.5,-12.117307692307577,-2.7076210826212193,-9.409686609686357
2017-12-15,1255.5,1264.5,1255.2,1257.5,0.40000000000009095,-13.501282051281805,-4.686752136752249,-8.814529914529556
2017-12-18,1257.8,1267,1255.3,1265.5,8,-13.588461538461388,-6.581908831908929,-7.006552706552459
2017-12-19,1265.4,1268.6,1262.3,1264.2,-1.2999999999999545,-14.712179487179128,-8.370014245014268,-6.34216524216486
2017-12-20,1264.8,1271.4,1264.4,1269.6,5.399999999999864,-15.029487179487205,-10.062179487179492,-4.967307692307713
2017-12-21,1268.8,1272.5,1266,1270.6,1,-14.081410256409981,-11.464173789173755,-2.6172364672362267
2017-12-22,1270.3,1280.4,1268.4,1278.8,8.200000000000045,-13.065384615384346,-12.467165242165139,-0.5982193732192069
2017-12-26,1279,1288.4,1277.7,1287.5,8.700000000000045,-10.556410256410118,-12.886680911680767,2.330270655270649
2017-12-27,1287.8,1293.2,1286,1291.4,3.900000000000091,-6.7769230769229125,-12.60320512820494,5.826282051282028
2017-12-28,1292,1297.3,1290.5,1297.2,5.7999999999999545,-3.4275641025640198,-11.637678062677878,8.210113960113858
2017-12-29,1297.5,1309.8,1296.1,1309.3,12.099999999999909,1.1442307692304894,-10.010398860398734,11.154629629629223
2018-01-02,1305.3,1320.4,1304.6,1316.1,6.7999999999999545,5.850000000000136,-7.8505698005696765,13.700569800569813
2018-01-03,1319,1323,1308.9,1318.5,2.400000000000091,9.766666666666652,-5.130698005697923,14.897364672364574
2018-01-04,1315.5,1327.3,1307.1,1321.6,3.099999999999909,14.06217948717972,-1.8982905982904867,15.960470085470206
2018-01-05,1324.4,1324.7,1314.6,1322.3,0.7000000000000455,17.907051282051498,1.655982905983011,16.25106837606849
2018-01-08,1321.8,1323,1315.7,1320.4,-1.8999999999998636,21.27500000000009,5.4715811965812815,15.80341880341881
2018-01-09,1321.2,1321.4,1309.5,1313.7,-6.7000000000000455,23.52692307692314,9.25861823361831,14.26830484330483
2018-01-10,1313.3,1328.6,1308.9,1319.3,5.599999999999909,26.16217948717963,12.918518518518592,13.243660968661036
2018-01-11,1317.5,1324.7,1316.1,1322.5,3.2000000000000455,28.080769230768965,16.41944444444448,11.661324786324485
2018-01-12,1323.6,1340,1320.8,1334.9,12.400000000000091,29.338461538461615,19.55213675213683,9.786324786324787
2018-01-16,1337.3,1345,1332.1,1337.1,2.199999999999818,30.416025641025726,22.281695156695225,8.134330484330501
2018-01-17,1339,1344.5,1326.6,1339.2,2.1000000000001364,30.60448717948725,24.597008547008627,6.007478632478623
2018-01-18,1327.4,1333.3,1324.3,1327.2,-12,29.0653846153848,26.264031339031412,2.801353276353389
2018-01-19,1327,1338.2,1326.6,1333.1,5.899999999999864,27.166666666666742,27.29287749287755,-0.1262108262108086
2018-01-22,1334,1335.8,1328,1331.9,-1.199999999999818,24.814102564102996,27.686111111111206,-2.8720085470082104
2018-01-23,1333,1341.5,1330.7,1336.7,4.7999999999999545,22.683974358974638,27.59245014245026,-4.908475783475623
2018-01-24,1341.4,1361.6,1339.1,1356.3,19.59999999999991,21.701923076923322,27.09686609686623,-5.394943019942907
2018-01-25,1357,1365.4,1341,1362.9,6.600000000000136,21.189743589743102,26.33119658119669,-5.141452991453587
2018-01-26,1346.4,1356,1343.7,1352.1,-10.800000000000182,21.058974358974183,25.41125356125364,-4.352279202279458
2018-01-29,1353.7,1356.3,1340.9,1345.1,-7,20.097435897435844,24.264743589743652,-4.1673076923078085
2018-01-30,1344,1352.5,1337.5,1340,-5.099999999999909,18.84807692307686,22.958475783475834,-4.110398860398973
2018-01-31,1341.8,1351,1335.5,1343.1,3.099999999999909,16.74294871794882,21.58931623931628,-4.846367521367458
2018-02-01,1348.2,1354.3,1340.2,1347.9,4.800000000000182,14.98525641025617,20.235826210826215,-5.2505698005700445
2018-02-02,1352.2,1353.3,1330.1,1337.3,-10.600000000000136,12.911538461538385,18.913319088319035,-6.001780626780651
2018-02-05,1334.6,1344.8,1331.6,1336.5,-0.7999999999999545,11.951923076922867,17.72086894586884,-5.768945868945973
2018-02-06,1343.1,1349.3,1322.8,1329.5,-7,10.409615384615563,16.466168091167976,-6.056552706552413
2018-02-07,1326.6,1334.8,1313.5,1314.6,-14.900000000000091,8.764102564102586,15.085541310541252,-6.321438746438666
2018-02-08,1320.7,1324.5,1309,1319,4.400000000000091,7.177564102564247,13.54316239316237,-6.365598290598124
2018-02-09,1321,1325,1313.2,1315.7,-3.2999999999999545,3.9019230769233673,11.743660968660985,-7.841737891737617
2018-02-12,1317.1,1330,1316.3,1326.4,10.700000000000045,0.6756410256411982,9.724501424501467,-9.048860398860269
2018-02-13,1325,1333.5,1323.7,1330.4,4,-1.4442307692306713,7.703703703703746,-9.147934472934416
2018-02-14,1331.9,1358.6,1319.1,1358,27.59999999999991,-1.815384615384346,5.836965811965911,-7.652350427350257
2018-02-15,1353,1359.8,1350.8,1355.3,-2.7000000000000455,-2.140384615384619,4.164529914530021,-6.30491452991464
2018-02-16,1356.6,1364.4,1347.3,1356.2,0.900000000000091,-2.4679487179487296,2.562321937322066,-5.030270655270796
2018-02-20,1350.2,1354,1330.6,1331.2,-25,-4.194230769230671,0.9396723646724846,-5.133903133903156
2018-02-21,1331.2,1338.5,1324.4,1332.1,0.8999999999998636,-4.519871794871733,-0.536324786324662,-3.983547008547071
2018-02-22,1326.2,1334.4,1322.9,1332.7,0.6000000000001364,-4.667307692307531,-1.8524216524215262,-2.814886039886005
2018-02-23,1333.7,1334.2,1327.7,1330.3,-2.400000000000091,-4.258333333333212,-2.7591168091167018,-1.4992165242165103
2018-02-26,1330.4,1342.9,1328,1332.8,2.5,-2.9570512820514523,-3.1627492877492185,0.2056980056977662
2018-02-27,1334.7,1338.4,1314.4,1318.6,-14.200000000000045,-2.4326923076923777,-3.272578347578297,0.8398860398859194
2018-02-28,1318.9,1323.7,1316.7,1317.9,-0.6999999999998181,-1.7108974358977775,-3.260968660968678,1.5500712250709006
2018-03-01,1319.3,1322.3,1303.6,1305.2,-12.700000000000045,-2.266025641025635,-3.274928774928791,1.0089031339031558
2018-03-02,1318,1326.6,1316.2,1323.4,18.200000000000045,-1.5839743589747286,-3.1767094017094575,1.5927350427347289
2018-03-05,1324.9,1328.9,1318.3,1319.9,-3.5,-3.1051282051284943,-3.0556980056981047,-0.04943019943038962
2018-03-06,1321,1339.9,1320.8,1335.2,15.299999999999955,-4.1301282051281305,-3.01239316239326,-1.1177350427348705
2018-03-07,1339.5,1342,1323,1327.6,-7.600000000000136,-5.840384615384664,-3.1427350427351635,-2.697649572649501
2018-03-08,1326.2,1329.8,1319.6,1321.7,-5.899999999999864,-5.928205128205036,-3.328276353276477,-2.599928774928559
2018-03-09,1322.7,1325.9,1313.2,1324,2.2999999999999545,-5.868589743589837,-3.6517806267807424,-2.2168091168090944
2018-03-12,1324.1,1325,1315.3,1320.8,-3.2000000000000455,-5.817948717948639,-4.027920227920327,-1.7900284900283117
2018-03-13,1323.3,1328.8,1313.8,1327.1,6.2999999999999545,-5.69230769230785,-4.470299145299224,-1.2220085470086257
2018-03-14,1326.7,1330.5,1321.7,1325.6,-1.5,-5.873076923077178,-4.871082621082729,-1.0019943019944497
2018-03-15,1324.7,1328.1,1314.9,1317.8,-7.7999999999999545,-5.489743589743739,-5.3050569800570635,-0.1846866096866755
2018-03-16,1316.8,1321.8,1309.5,1312.3,-5.5,-5.867948717949048,-5.612037037037124,-0.2559116809119235
2018-03-19,1312.9,1319.6,1307.4,1317.8,5.5,-4.771794871795237,-5.6833333333334695,0.9115384615382327
2018-03-20,1316.5,1318.1,1306.6,1311.9,-5.899999999999864,-5.583974358974501,-5.654843304843451,0.0708689458689502
2018-03-21,1310.6,1336.9,1309.5,1321.5,9.599999999999909,-5.262179487179537,-5.580840455840619,0.3186609686610815
2018-03-22,1332,1335,1324.6,1327.4,5.900000000000091,-5.796794871794873,-5.5728632478634,-0.22393162393147303
2018-03-23,1329,1350.4,1328.9,1349.9,22.5,-3.626923076923049,-5.329415954416112,1.7024928774930634
2018-03-26,1347,1356,1343.4,1355,5.099999999999909,-0.840384615384437,-4.790313390313511,3.9499287749290737
2018-03-27,1359.3,1362.6,1345.4,1347.9,-7.099999999999909,1.4705128205127949,-3.9743589743590695,5.444871794871864
2018-03-28,1351.1,1352.2,1327.7,1330,-17.90000000000009,2.2833333333330756,-3.1106837606838678,5.394017094016943
2018-03-29,1329.3,1332.6,1325.4,1327.3,-2.7000000000000455,2.4846153846149264,-2.1826210826212042,4.667236467236131
2018-04-02,1330.7,1349.2,1329,1346.9,19.600000000000136,3.7134615384611607,-1.2398148148149377,4.953276353276099
2018-04-03,1345,1346.6,1332.7,1337.3,-9.600000000000136,5.069230769230444,-0.05612535612549942,5.125356125355943
2018-04-04,1336.7,1352.5,1335.2,1340.2,2.900000000000091,7.109615384615154,1.3185185185183552,5.791096866096798
2018-04-05,1337.1,1338.7,1326,1328.5,-11.700000000000045,7.620512820512431,2.8093304843302778,4.811182336182153
2018-04-06,1329.7,1339.1,1322.6,1336.1,7.599999999999909,8.937179487179264,4.205341880341646,4.731837606837619
2018-04-09,1338,1341.5,1330.1,1340.1,4,9.144871794871733,5.314814814814554,3.8300569800571793
2018-04-10,1339.8,1346.2,1334.2,1345.9,5.800000000000182,9.82115384615372,6.242663817663545,3.578490028490175
2018-04-11,1343.1,1369.4,1342.5,1360,14.099999999999909,9.120512820512886,7.002350427350191,2.118162393162695
2018-04-12,1356.3,1356.7,1336.7,1341.9,-18.09999999999991,7.771153846153766,7.589743589743396,0.1814102564103699
2018-04-13,1337.6,1350.3,1335.5,1347.9,6,6.990384615384528,7.9538461538459915,-0.9634615384614635
2018-04-16,1349.8,1353.5,1342.8,1350.7,2.7999999999999545,7.600000000000136,8.235042735042624,-0.6350427350424876
2018-04-17,1349.1,1352.2,1340.2,1349.5,-1.2000000000000455,8.469230769230762,8.386111111111026,0.08311965811973643
2018-04-18,1350.4,1359,1345,1353.5,4,7.761538461538521,8.40178062678059,-0.6402421652420696
2018-04-19,1352.4,1357.7,1343.2,1348.8,-4.7000000000000455,7.885256410256034,8.284900284900232,-0.39964387464419815
2018-04-20,1348.5,1348.9,1337,1338.3,-10.5,7.238461538461479,8.07307692307687,-0.8346153846153914
2018-04-23,1336.2,1337.6,1323.8,1324,-14.299999999999955,6.625,7.717948717948679,-1.092948717948679
2018-04-24,1326.1,1334.5,1323.6,1333,9,5.5705128205124765,7.323504273504189,-1.7529914529917123
2018-04-25,1332,1333.8,1320.2,1322.8,-10.200000000000045,3.936538461538248,6.897435897435798,-2.96089743589755
2018-04-26,1324.2,1328,1316.2,1317.9,-4.899999999999864,1.37243589743548,6.273219373219238,-4.900783475783758
2018-04-27,1318,1326.4,1315.8,1323.4,5.5,-1.7506410256412437,5.234259259259084,-6.984900284900328
2018-04-30,1324,1325.9,1310.7,1319.2,-4.2000000000000455,-3.3269230769230944,3.9235754985753224,-7.250498575498417
2018-05-01,1316,1317.4,1302.3,1306.8,-12.400000000000091,-5.094230769231217,2.4951566951564623,-7.589387464387679
2018-05-02,1304.4,1314.9,1304.3,1305.6,-1.2000000000000455,-6.952564102564111,0.8465099715097798,-7.79907407407389
2018-05-03,1305.5,1319,1305.2,1312.7,7.100000000000136,-8.665384615384255,-0.9205840455841907,-7.744800569800065
2018-05-04,1312.8,1316.9,1308.5,1314.7,2,-11.310256410255988,-2.9133903133904115,-8.396866096865576
2018-05-07,1316.3,1320.1,1310.6,1314.1,-0.6000000000001364,-13.694230769230444,-5.053917378917403,-8.640313390313041
2018-05-08,1314.1,1318.5,1306.2,1313.7,-0.3999999999998636,-14.467307692307259,-7.098789173789125,-7.368518518518133
2018-05-09,1315.3,1317.8,1304.2,1313,-0.7000000000000455,-14.449358974358574,-8.856766381766242,-5.592592592592332
2018-05-10,1312.8,1323.4,1310.6,1322.3,9.299999999999955,-14.652564102563929,-10.290313390313209,-4.36225071225072
2018-05-11,1321.8,1326.3,1317,1320.7,-1.599999999999909,-14.527564102563929,-11.534829059828857,-2.992735042735072
2018-05-14,1318.3,1322.4,1312.8,1318.2,-2.5,-13.814102564102313,-12.503703703703422,-1.310398860398891
2018-05-15,1313.2,1314.7,1288.2,1290.3,-27.90000000000009,-14.65705128205127,-13.359757834757552,-1.2972934472937183
2018-05-16,1290.1,1296.4,1285.7,1291.5,1.2000000000000455,-14.873076923076951,-14.049501424501184,-0.8235754985757673
2018-05-17,1290.2,1294,1284,1289.4,-2.099999999999909,-13.607692307692332,-14.304772079771888,0.6970797720795563
2018-05-18,1290,1293.7,1285.1,1291.3,1.8999999999998636,-12.853205128205218,-14.211324786324642,1.3581196581194241
2018-05-21,1290.3,1292.7,1281.2,1290.9,-0.3999999999998636,-12.477564102564429,-13.990242165242105,1.5126780626776757
2018-05-22,1292.3,1296,1287.2,1292,1.099999999999909,-12.111538461538657,-13.730484330484337,1.61894586894568
2018-05-23,1290.6,1298.4,1286.7,1289.6,-2.400000000000091,-11.84935897435912,-13.419017094017136,1.5696581196580155
2018-05-24,1293.3,1306.4,1292.2,1304.4,14.800000000000182,-10.735897435897868,-12.997720797720907,2.261823361823039
2018-05-25,1304,1307.2,1299.4,1303.7,-0.7000000000000455,-9.776282051282124,-12.54907407407422,2.772792022792096
2018-05-29,1305.7,1311.3,1296.6,1304.1,0.3999999999998636,-9.977564102563974,-12.029131054131186,2.051566951567212
2018-05-30,1303.1,1308.8,1300,1306.5,2.400000000000091,-10.487820512820463,-11.541880341880464,1.0540598290600016
2018-05-31,1306,1311.5,1301,1304.7,-1.7999999999999545,-10.524358974358847,-11.199287749287855,0.6749287749290076
2018-06-01,1303,1304.8,1293.1,1299.3,-5.400000000000091,-8.870512820512658,-10.756766381766461,1.8862535612538025
2018-06-04,1296.7,1302.3,1293.8,1297.3,-2,-7.5948717948717785,-10.214245014245055,2.6193732193732764
2018-06-05,1296.4,1304.8,1293.5,1302.2,4.900000000000091,-5.7128205128208265,-9.503276353276407,3.7904558404555804
2018-06-06,1300.6,1306.1,1297.7,1301.4,-0.7999999999999545,-4.1865384615384755,-8.651851851851891,4.4653133903134155
2018-06-07,1300.9,1307.8,1299,1303,1.599999999999909,-3.032051282051725,-7.795868945868985,4.76381766381726
2018-06-08,1301.3,1304.8,1296,1302.7,-0.2999999999999545,-2.0288461538459615,-6.935042735042746,4.9061965811967845
2018-06-11,1303.5,1307,1297.8,1303.2,0.5,-0.5301282051279941,-5.885327635327637,5.355199430199643
2018-06-12,1304.5,1304.8,1296.3,1299.4,-3.7999999999999545,-0.3583333333333485,-4.759829059829069,4.40149572649572
2018-06-13,1299.6,1305.2,1294.5,1301.3,1.8999999999998636,-0.0660256410258171,-3.5977920227920652,3.531766381766248
2018-06-14,1303.1,1313,1301,1308.3,7,0.4916666666663332,-2.557549857549955,3.049216524216288
2018-06-15,1305.9,1306.7,1277.9,1278.5,-29.799999999999955,-0.5147435897433752,-1.7708689458690212,1.256125356125646
2018-06-18,1281.1,1284.9,1279.5,1280.1,1.599999999999909,-0.9416666666670608,-1.2407407407408249,0.2990740740737641
2018-06-19,1280.7,1286.8,1272.6,1278.6,-1.5,-1.0474358974361166,-0.891951566951674,-0.15548433048444266
2018-06-20,1277.3,1278.6,1269.6,1274.5,-4.099999999999909,-1.2666666666666515,-0.6957977207977769,-0.5708689458688746
2018-06-21,1269.7,1272.3,1262.4,1270.5,-4,-3.146794871794782,-0.8200142450143125,-2.3267806267804696
2018-06-22,1268.6,1273.1,1268.4,1270.7,0.20000000000004547,-4.9051282051282215,-1.3061253561254489,-3.5990028490027726
2018-06-25,1272.2,1274.4,1265.5,1268.9,-1.7999999999999545,-6.9583333333332575,-2.039458689458772,-4.918874643874485
2018-06-26,1267.3,1269.4,1256.4,1259.9,-9,-9.317307692307622,-3.0673789173789725,-6.24992877492865
2018-06-27,1260.5,1261.9,1252.2,1256.1,-3.800000000000182,-11.903846153846189,-4.444658119658142,-7.459188034188047
2018-06-28,1253.6,1255.8,1247.2,1251,-5.099999999999909,-14.360256410256397,-5.983048433048477,-8.37720797720792
2018-06-29,1249.5,1257.1,1246.9,1254.5,3.5,-16.91025641025658,-7.757336182336202,-9.152920227920378
2018-07-02,1253.4,1255.6,1240.6,1241.7,-12.799999999999955,-20.048717948717922,-9.868589743589736,-10.180128205128186
2018-07-03,1242.9,1258.5,1238.8,1253.5,11.799999999999955,-20.201282051282078,-11.972435897435894,-8.228846153846185
2018-07-05,1253.5,1262.4,1252.2,1258.8,5.2999999999999545,-20.233974358974137,-13.871011396011378,-6.36296296296276
2018-07-06,1258.4,1260.2,1253.7,1255.8,-3,-20.18397435897441,-15.568660968660955,-4.615313390313455
2018-07-09,1255.7,1266.9,1255.7,1259.6,3.7999999999999545,-19.69102564102559,-16.983404558404548,-2.707621082621042
2018-07-10,1258.5,1261,1247.7,1255.4,-4.199999999999818,-19.260897435897505,-18.08824786324787,-1.172649572649636
2018-07-11,1256.7,1257.3,1241.7,1244.4,-11,-19.417948717949002,-18.92314814814818,-0.4948005698008231
2018-07-12,1242.3,1248.8,1241.4,1246.6,2.199999999999818,-19.137820512820554,-19.45398860398864,0.31616809116808753
2018-07-13,1247.7,1248.5,1236.2,1241.2,-5.399999999999864,-18.380769230769147,-19.61737891737893,1.236609686609782
2018-07-16,1241,1245.8,1238.3,1239.7,-1.5,-17.312820512820508,-19.313390313390325,2.000569800569817
2018-07-17,1240.8,1245.1,1225.9,1227.3,-12.400000000000091,-16.387820512820554,-18.88967236467238,2.501851851851825
2018-07-18,1227,1229.1,1220.9,1227.9,0.6000000000001364,-15.708333333333712,-18.386823361823442,2.6784900284897297
2018-07-19,1227.3,1229.6,1210.7,1224,-3.900000000000091,-14.28333333333353,-17.731196581196677,3.447863247863147
2018-07-20,1222.9,1232.4,1215.3,1231.1,7.099999999999909,-13.449999999999818,-17.03774928774937,3.5877492877495527
2018-07-23,1231.7,1235.2,1222.2,1225.6,-5.5,-13.035897435897368,-16.346082621082687,3.3101851851853183
2018-07-24,1224.4,1229.7,1218.1,1225.5,-0.09999999999990905,-13.522435897435798,-15.691025641025666,2.168589743589868
2018-07-25,1224.2,1234.3,1223.2,1231.8,6.2999999999999545,-13.981410256410072,-15.118091168091167,1.1366809116810952
2018-07-26,1231.7,1235.3,1221.7,1225.7,-6.099999999999909,-14.421794871794646,-14.678205128205112,0.2564102564104669
2018-07-27,1231.4,1236.5,1226.3,1232.7,7,-13.789102564102222,-14.286680911680858,0.49757834757863506
2018-07-30,1231.1,1234.1,1227.8,1231.5,-1.2000000000000455,-13.547435897435662,-13.971082621082537,0.4236467236468755
2018-07-31,1230.5,1237.8,1222.6,1233.6,2.099999999999909,-12.75384615384587,-13.64280626780611,0.8889601139602394
2018-08-01,1232.7,1233.7,1224.4,1227.6,-6,-12.173717948717695,-13.40840455840435,1.234686609686655
2018-08-02,1224.7,1230,1215.3,1220.1,-7.5,-11.242948717948366,-13.163176638176411,1.9202279202280454
2018-08-03,1216,1228.5,1212.5,1223.2,3.1000000000001364,-10.369230769230626,-12.866880341880107,2.4976495726494807
2018-08-06,1222,1226,1214.4,1217.7,-5.5,-9.613461538461252,-12.432549857549601,2.8190883190883493
2018-08-07,1215.8,1224.3,1215.6,1218.3,0.599999999999909,-9.287820512820417,-11.911039886039639,2.6232193732192215
2018-08-08,1218.7,1223.8,1213.6,1221,2.7000000000000455,-8.874999999999773,-11.294729344729099,2.419729344729326
2018-08-09,1222,1225.6,1218.4,1219.9,-1.099999999999909,-8.049358974358938,-10.656980056979844,2.6076210826209056
2018-08-10,1220,1224.9,1213.1,1219,-0.900000000000091,-7.585256410256079,-9.994515669515446,2.4092592592593665
2018-08-13,1218.4,1221.4,1198.6,1198.9,-20.09999999999991,-7.630128205128358,-9.4252136752135,1.7950854700851426
2018-08-14,1201.1,1205.8,1198.9,1200.7,1.7999999999999545,-8.031410256410481,-8.964957264957143,0.9335470085466611
2018-08-15,1201.5,1202,1180,1185,-15.700000000000045,-9.198717948717785,-8.737820512820413,-0.46089743589737253
2018-08-16,1183,1189,1167.1,1184,-1,-11.008974358974456,-8.80890313390306,-2.2000712250713956
2018-08-17,1180.7,1192,1178.5,1184.2,0.20000000000004547,-12.225641025641153,-9.09914529914527,-3.1264957264958824
2018-08-20,1190.4,1197.7,1189.6,1194.6,10.399999999999864,-12.558333333333394,-9.462535612535602,-3.0957977207977923
2018-08-21,1197.3,1204.3,1194.3,1200,5.400000000000091,-12.964743589743875,-9.916951566951614,-3.0477920227922617
2018-08-22,1203,1208.4,1199.2,1203.3,3.2999999999999545,-13.241666666666788,-10.493874643874708,-2.74779202279208
2018-08-23,1202.8,1203.4,1190.2,1194,-9.299999999999955,-13.962820512820599,-11.202492877492988,-2.760327635327611
2018-08-24,1191.6,1215.4,1189.5,1213.3,19.299999999999955,-14.192948717948866,-11.931695156695266,-2.2612535612536
2018-08-27,1214.5,1218.8,1209.3,1216,2.7000000000000455,-13.93717948717972,-12.587891737891848,-1.3492877492878712
2018-08-28,1217.7,1220.7,1205.8,1214.4,-1.599999999999909,-13.88974358974383,-13.109116809116964,-0.7806267806268661
2018-08-29,1206.6,1213.7,1206.6,1211.5,-2.900000000000091,-12.301282051282215,-13.252706552706716,0.9514245014245013
2018-08-30,1212.6,1214,1202.1,1205,-6.5,-10.912179487179856,-13.10676638176657,2.194586894586715
2018-08-31,1206.3,1214.9,1204.1,1206.7,1.7000000000000455,-8.373076923076724,-12.641737891738053,4.2686609686613295
2018-09-04,1206.3,1209.7,1195.1,1199.1,-7.600000000000136,-5.822435897435753,-11.848148148148262,6.025712250712509
2018-09-05,1197.2,1204.2,1196.4,1201.3,2.2000000000000455,-3.2358974358971864,-10.736396011396083,7.500498575498897
2018-09-06,1202.5,1212.7,1200.5,1204.3,3,-1.3006410256409708,-9.329487179487236,8.028846153846265
2018-09-07,1205.6,1209,1198.7,1200.4,-3.8999999999998636,-0.22115384615403855,-7.777065527065588,7.555911680911549
2018-09-10,1200.7,1203.8,1196.2,1199.8,-0.6000000000001364,0.26794871794868413,-6.198717948717988,6.466666666666672
2018-09-11,1200.4,1204.8,1192.7,1202.2,2.400000000000091,1.7589743589742284,-4.4599715099715365,6.218945868945765
2018-09-12,1203.5,1213.9,1197.6,1210.9,8.700000000000045,1.8205128205124765,-2.8908831908832378,4.711396011395714
2018-09-13,1212.4,1218,1205,1208.2,-2.7000000000000455,1.5589743589744103,-1.5051994301994303,3.0641737891738403
2018-09-14,1206.6,1213.8,1197.7,1201.1,-7.100000000000136,1.2160256410256807,-0.4397435897436076,1.6557692307692884
2018-09-17,1199.8,1209.7,1197.5,1205.8,4.7000000000000455,1.2833333333335304,0.3497863247863127,0.9335470085472177
2018-09-18,1206.4,1208.2,1200.3,1202.9,-2.8999999999998636,1.7275641025642017,0.9012820512820225,0.8262820512821791
2018-09-19,1202.8,1211,1202.2,1208.3,5.399999999999864,1.4993589743589837,1.2123931623931286,0.28696581196585513
2018-09-20,1208.8,1213.2,1205.1,1211.3,3,2.1083333333333485,1.4712250712250605,0.637108262108288
2018-09-21,1212.1,1215.8,1196,1201.3,-10,1.4814102564098448,1.6060541310540783,-0.12464387464423354
2018-09-24,1204,1208.8,1198.6,1204.4,3.1000000000001364,0.7051282051277212,1.488960113960022,-0.7838319088323007
2018-09-25,1203.1,1207.9,1201.3,1205.1,0.6999999999998181,0.2929487179487751,1.319230769230722,-1.0262820512819468
2018-09-26,1205.5,1206.9,1194.6,1199.1,-6,0.06153846153847553,1.1528490028489513,-1.0913105413104758
2018-09-27,1198.9,1202.6,1185.6,1187.4,-11.699999999999818,-0.6871794871794918,0.9413817663817099,-1.6285612535612017
2018-09-28,1186.8,1198,1184.3,1196.2,8.799999999999955,-1.6391025641025863,0.6166666666665859,-2.255769230769172
2018-10-01,1196.1,1196.5,1188.1,1191.7,-4.5,-2.9256410256407435,0.09964387464381413,-3.0252849002845577
2018-10-02,1192.7,1212.3,1192.2,1207,15.299999999999955,-2.1916666666663787,-0.310470085470115,-1.8811965811962637
2018-10-03,1207,1212.3,1200.4,1202.9,-4.099999999999909,-1.9294871794870687,-0.759116809116828,-1.1703703703702408
2018-10-04,1201.4,1210.7,1199.6,1201.6,-1.300000000000182,-1.5455128205128403,-1.0954415954415708,-0.4500712250712695
2018-10-05,1203.7,1209.8,1200.9,1205.6,4,-1.543589743589564,-1.345299145299047,-0.19829059829051698
2018-10-08,1206.7,1208,1186,1188.6,-17,-2.8044871794870687,-1.6894586894585852,-1.1150284900284835
2018-10-09,1192.2,1195.8,1186.6,1191.5,2.900000000000091,-3.0365384615383846,-2.0336894586893473,-1.0028490028490373
2018-10-10,1192.7,1198.6,1188.5,1193.4,1.900000000000091,-3.7339743589741374,-2.372222222222086,-1.3617521367520515
2018-10-11,1197.9,1230,1194.7,1227.6,34.19999999999982,-2.870512820512431,-2.509045584045402,-0.3614672364670293
2018-10-12,1227.7,1228.1,1219.3,1222,-5.599999999999909,-1.6429487179484568,-2.3665242165240366,0.7235754985755798
2018-10-15,1221.2,1236.9,1220.4,1230.3,8.299999999999955,0.7820512820512704,-2.0361111111109644,2.818162393162235
2018-10-16,1230.5,1235.9,1226.3,1231,0.7000000000000455,2.4820512820515432,-1.5459401709400078,4.027991452991551
2018-10-17,1228,1232.9,1223.7,1227.4,-3.599999999999909,4.487820512820463,-0.8755698005696407,5.363390313390103
2018-10-18,1225.5,1233.6,1221.7,1230.1,2.699999999999818,5.674358974359166,-0.0735754985753374,5.747934472934503
2018-10-19,1228.6,1234.1,1226.2,1228.7,-1.3999999999998636,7.035897435897368,1.019800569800711,6.016096866096657
2018-10-22,1230.5,1232.6,1222.8,1224.6,-4.100000000000136,8.04871794871815,2.2514957264958815,5.797222222222268
2018-10-23,1225.1,1243,1224.5,1236.8,12.200000000000045,9.456410256410436,3.7170940170941673,5.739316239316269
2018-10-24,1233.8,1238,1228.3,1231.1,-5.7000000000000455,11.913461538461888,5.359757834757981,6.553703703703907
2018-10-25,1236.6,1242,1230.5,1232.4,1.300000000000182,14.39487179487196,7.141737891738027,7.253133903133933
2018-10-26,1234.7,1246,1232.5,1235.8,3.3999999999998636,16.98589743589764,8.942165242165402,8.04373219373224
2018-10-29,1236.4,1237.6,1226.1,1227.6,-8.200000000000045,15.97435897435912,10.441310541310688,5.533048433048432
2018-10-30,1231.9,1232.5,1221.4,1225.3,-2.2999999999999545,15.445512820512704,11.658831908832049,3.786680911680655
2018-10-31,1224.7,1225,1213.4,1215,-10.299999999999955,13.789743589743466,12.560541310541415,1.2292022792020507
2018-11-01,1216.6,1239.3,1216.1,1238.6,23.59999999999991,12.903846153846189,13.212535612535728,-0.308689458689539
2018-11-02,1235.3,1238.4,1231.3,1233.3,-5.2999999999999545,11.630128205128358,13.610470085470196,-1.9803418803418378
2018-11-05,1234.5,1236.8,1228.4,1232.3,-1,10.425000000000182,13.718091168091279,-3.293091168091097
2018-11-06,1233.4,1237.8,1224.9,1226.3,-6,8.894230769230717,13.38262108262115,-4.488390313390433
2018-11-07,1228.9,1238.4,1224.2,1228.7,2.400000000000091,8.401282051282351,12.716666666666747,-4.315384615384396
2018-11-08,1227.7,1228.5,1220.8,1225.1,-3.6000000000001364,6.57243589743598,11.559615384615451,-4.987179487179471
2018-11-09,1224.3,1224.6,1207.2,1208.6,-16.5,4.4282051282052635,10.276709401709468,-5.848504273504204
2018-11-12,1210.3,1212,1200.6,1203.5,-5.099999999999909,2.10064102564138,8.793945868945988,-6.693304843304608
2018-11-13,1201.1,1205.5,1196.6,1201.4,-2.099999999999909,-1.258333333333212,7.121937321937468,-8.38027065527068
2018-11-14,1202.8,1217.2,1198.1,1210.1,8.699999999999818,-3.4320512820509066,5.3068376068377905,-8.738888888888697
2018-11-15,1211.8,1217,1207.1,1215,4.900000000000091,-5.121153846153675,3.4455840455842313,-8.566737891737906
2018-11-16,1214.4,1226,1213.7,1223,8,-4.277564102563929,1.8119658119659965,-6.089529914529925
2018-11-19,1222.6,1226.5,1218.5,1225.3,2.2999999999999545,-5.512820512820326,0.21118233618254736,-5.724002849002874
2018-11-20,1224.6,1229.5,1220.3,1221.2,-4.099999999999909,-6.171153846153629,-1.407977207977006,-4.763176638176623
2018-11-21,1222.4,1230.9,1220.1,1228,6.7999999999999545,-6.4141025641022225,-2.8509259259256954,-3.563176638176527
2018-11-23,1226.8,1229.7,1220.3,1223.2,-4.7999999999999545,-6.510897435897277,-4.066381766381533,-2.444515669515744
2018-11-26,1223.9,1228.6,1221.7,1222.4,-0.7999999999999545,-6.739743589743512,-5.048646723646521,-1.6910968660969905
2018-11-27,1222.6,1225.2,1211.4,1213.4,-9,-7.126282051282033,-5.700641025640834,-1.4256410256411982
2018-11-28,1220.9,1233.8,1216.8,1229.8,16.399999999999864,-5.559615384615654,-5.937037037036918,0.3774216524212637
2018-11-29,1227.1,1234.9,1226.7,1230.4,0.6000000000001364,-3.071794871794964,-5.709330484330394,2.63753561253543
2018-11-30,1229.9,1231.1,1221.8,1226,-4.400000000000091,-0.8256410256412892,-5.325783475783434,4.500142450142145
2018-12-03,1227.8,1240.4,1226.6,1239.6,13.599999999999909,1.3557692307690559,-4.562606837606836,5.918376068375892
2018-12-04,1236.3,1247.5,1235.8,1246.6,7,3.5737179487177855,-3.4798433048433455,7.053561253561131
2018-12-05,1244.6,1244.8,1238.7,1242.6,-4,4.630128205128358,-2.2527065527066146,6.8828347578349725
2018-12-06,1243,1249.9,1240,1243.6,1,5.4512820512823055,-0.9235754985755497,6.374857549857855
2018-12-07,1243.1,1255.8,1242.6,1252.6,9,6.621794871795373,0.561039886039882,6.060754985755491
2018-12-10,1255.6,1256.6,1246.9,1249.4,-3.199999999999818,7.989743589743966,2.240598290598326,5.74914529914564
2018-12-11,1249.8,1255.1,1245.8,1247.2,-2.2000000000000455,9.455128205128403,3.9089031339032214,5.546225071225182
2018-12-12,1248.3,1252.6,1247.1,1250,2.7999999999999545,11.074358974359257,5.480698005698135,5.593660968661122
2018-12-13,1250.7,1251.7,1244.4,1247.4,-2.599999999999909,13.096153846154039,7.027564102564282,6.068589743589756
2018-12-14,1246.2,1247.3,1236.5,1241.4,-6,13.574358974359257,8.385185185185415,5.189173789173841
2018-12-17,1242.8,1252.2,1239.4,1251.8,10.399999999999864,14.330769230769192,9.58041310541335,4.750356125355843
2018-12-18,1249.7,1254.5,1249,1253.6,1.7999999999999545,14.900000000000091,10.721509971510208,4.1784900284898825
2018-12-19,1253.5,1262.2,1245.3,1256.4,2.800000000000182,14.265384615384619,11.700854700854912,2.5645299145297074
2018-12-20,1247,1270.3,1246.2,1267.9,11.5,13.482692307692105,12.463176638176769,1.0195156695153358
2018-12-21,1263.5,1266.2,1257.1,1258.1,-9.800000000000182,12.928205128205036,13.011894586894666,-0.08368945868962996
2018-12-24,1260.7,1273.9,1260,1271.8,13.700000000000045,13.093589743589519,13.416168091168124,-0.32257834757860593
2018-12-26,1273.5,1282.3,1267.4,1273,1.2000000000000455,12.870512820512431,13.615740740740698,-0.7452279202282668
2018-12-27,1270.1,1281.6,1269.1,1281.1,8.099999999999909,13.366025641025317,13.645726495726397,-0.27970085470107975
2018-12-28,1278,1284.7,1276.5,1283,1.900000000000091,13.972435897435844,13.689957264957128,0.28247863247871585
2018-12-31,1283,1286.5,1279.7,1281.3,-1.7000000000000455,14.53076923076901,13.71217948717933,0.8185897435896798
2019-01-02,1285,1291,1280.6,1284.1,2.7999999999999545,15.246794871794691,13.750712250712063,1.4960826210826283
Downloaded from Barchart.com as of 01-02-2019 04:46pm CST